[23.03.2026 17:23:16,61] ===== DAUERLAUF gestartet ===== 
[23.03.2026 17:23:16,61] --- Start #1 --- 
[24.03.2026 10:18:24,02] ===== DAUERLAUF gestartet ===== 
[24.03.2026 10:18:24,02] --- Start #1 --- 
[25.03.2026 11:10:59,34] Beendet (exit=1073807364, #1) 
[25.03.2026 11:10:59,48] Neustart in 30s... 
[25.03.2026 11:10:59,86] --- Start #2 --- 
[25.03.2026 11:36:02,66] ===== DAUERLAUF gestartet ===== 
[25.03.2026 11:36:02,66] --- Start #1 --- 
[25.03.2026 15:04:02,36] Beendet (exit=1073807364, #1) 
[25.03.2026 15:04:02,37] Neustart in 30s... 
[25.03.2026 15:04:02,42] --- Start #2 --- 
[25.03.2026 15:04:03,18] Beendet (exit=-1073741205, #2) 
[25.03.2026 15:04:03,19] Neustart in 30s... 
[25.03.2026 15:43:28,34] ===== DAUERLAUF gestartet ===== 
[25.03.2026 15:43:28,34] --- Start #1 --- 
[26.03.2026 17:51:10,36] ===== DAUERLAUF gestartet ===== 
[26.03.2026 17:51:10,37] --- Start #1 --- 
[27.03.2026  8:38:13,60] Beendet (exit=1073807364, #1) 
[27.03.2026  8:38:13,64] Neustart in 30s... 
[27.03.2026  8:38:13,79] --- Start #2 --- 
[27.03.2026  9:14:02,95] ===== DAUERLAUF gestartet ===== 
[27.03.2026  9:14:02,96] --- Start #1 --- 
[27.03.2026 10:25:01,91] Beendet (exit=1, #1) 
[27.03.2026 10:25:01,92] Neustart in 30s... 
[27.03.2026 10:25:31,15] --- Start #2 --- 
[28.03.2026 13:45:38,78] ===== DAUERLAUF gestartet ===== 
[28.03.2026 13:45:38,78] --- Start #1 --- 
[28.03.2026 13:53:36,47] ===== DAUERLAUF gestartet ===== 
[28.03.2026 13:53:36,47] --- Start #1 --- 
[28.03.2026 13:53:36,48] Beendet (exit=0, #1) 
[28.03.2026 13:53:36,48] Sauberer Exit. 
[28.03.2026 19:11:07,80] ===== DAUERLAUF gestartet ===== 
[28.03.2026 19:11:07,80] --- Start #1 --- 
[28.03.2026 19:17:14,28] ===== DAUERLAUF gestartet ===== 
[28.03.2026 19:17:14,28] --- Start #1 --- 
[28.03.2026 19:25:22,89] ===== DAUERLAUF gestartet ===== 
[28.03.2026 19:25:22,89] --- Start #1 --- 
[28.03.2026 19:35:42,63] ===== DAUERLAUF gestartet ===== 
[28.03.2026 19:35:42,63] --- Start #1 --- 
[28.03.2026 19:40:49,43] ===== DAUERLAUF gestartet ===== 
[28.03.2026 19:40:49,43] --- Start #1 --- 
[28.03.2026 21:02:49,30] ===== DAUERLAUF gestartet ===== 
[28.03.2026 21:02:49,30] --- Start #1 --- 
[28.03.2026 21:09:00,78] ===== DAUERLAUF gestartet ===== 
[28.03.2026 21:09:00,78] --- Start #1 --- 
[28.03.2026 21:23:08,16] ===== DAUERLAUF gestartet ===== 
[28.03.2026 21:23:08,16] --- Start #1 --- 
[28.03.2026 21:28:13,12] ===== DAUERLAUF gestartet ===== 
[28.03.2026 21:28:13,12] --- Start #1 --- 
[28.03.2026 21:38:26,14] ===== DAUERLAUF gestartet ===== 
[28.03.2026 21:38:26,15] --- Start #1 --- 
[29.03.2026 10:15:51,92] ===== DAUERLAUF gestartet ===== 
[29.03.2026 10:15:51,92] --- Start #1 --- 
[29.03.2026 15:15:04,64] ===== DAUERLAUF gestartet ===== 
[29.03.2026 15:15:04,65] --- Start #1 --- 
[29.03.2026 19:48:25,37] ===== DAUERLAUF gestartet ===== 
[29.03.2026 19:48:25,37] --- Start #1 --- 
[29.03.2026 19:48:25,60] Beendet (exit=1, #1) 
[29.03.2026 19:48:25,60] Neustart in 30s... 
[29.03.2026 19:49:46,92] ===== DAUERLAUF gestartet ===== 
[29.03.2026 19:49:46,92] --- Start #1 --- 
[29.03.2026 21:38:51,44] Beendet (exit=1073807364, #1) 
[29.03.2026 21:38:51,47] Neustart in 30s... 
[29.03.2026 21:38:51,60] --- Start #2 --- 
[30.03.2026  9:55:25,61] ===== DAUERLAUF gestartet ===== 
[30.03.2026  9:55:25,61] --- Start #1 --- 
[08.04.2026  8:21:03,05] Beendet (exit=1073807364, #1) 
[08.04.2026  8:21:03,05] Neustart in 30s... 
[08.04.2026  8:21:03,15] --- Start #2 --- 
[08.04.2026  8:22:30,46] ===== DAUERLAUF gestartet ===== 
[08.04.2026  8:22:30,47] --- Start #1 --- 
[11.04.2026 17:49:47,16] ===== DAUERLAUF gestartet ===== 
[11.04.2026 17:49:47,16] --- Start #1 --- 
[11.04.2026 20:07:08,68] ===== DAUERLAUF gestartet ===== 
[11.04.2026 20:07:08,68] --- Start #1 --- 
[11.04.2026 20:07:18,48] ===== DAUERLAUF gestartet ===== 
[11.04.2026 20:07:18,48] --- Start #1 --- 
[11.04.2026 20:07:18,49] Beendet (exit=0, #1) 
[11.04.2026 20:07:18,49] Sauberer Exit. 
[11.04.2026 20:13:16,53] ===== DAUERLAUF gestartet ===== 
[11.04.2026 20:13:16,53] --- Start #2 --- 
[11.04.2026 20:13:21,71] ===== DAUERLAUF gestartet ===== 
[11.04.2026 20:13:21,71] --- Start #1 --- 
[11.04.2026 20:13:21,71] Beendet (exit=0, #1) 
[11.04.2026 20:13:21,71] Sauberer Exit. 
[11.04.2026 20:13:29,61] Beendet (exit=15, #2) 
[11.04.2026 20:13:29,61] Neustart in 30s... 
[11.04.2026 20:13:29,75] --- Start #3 --- 
[11.04.2026 20:13:51,75] Beendet (exit=15, #3) 
[11.04.2026 20:13:51,75] Neustart in 30s... 
[11.04.2026 20:13:51,84] --- Start #4 --- 
[13.04.2026 11:45:12,96] ===== DAUERLAUF gestartet ===== 
[13.04.2026 11:45:12,96] --- Start #1 --- 
[16.04.2026 19:05:02,76] Beendet (exit=1073807364, #1) 
[16.04.2026 19:05:02,78] Neustart in 30s... 
[16.04.2026 19:05:03,17] --- Start #2 --- 
[16.04.2026 19:09:07,37] ===== DAUERLAUF gestartet ===== 
[16.04.2026 19:09:07,38] --- Start #1 --- 
[17.04.2026  4:59:31,34] Beendet (exit=-1, #1) 
[17.04.2026  4:59:31,73] Neustart in 30s... 
[17.04.2026  5:00:01,12] --- Start #2 --- 
[17.04.2026  5:03:58,47] Beendet (exit=-1, #2) 
[17.04.2026  5:03:58,48] Neustart in 30s... 
[17.04.2026  5:04:28,14] --- Start #3 --- 
[17.04.2026  5:04:52,80] Beendet (exit=-1, #3) 
[17.04.2026  5:04:52,80] Neustart in 30s... 
[17.04.2026  5:05:22,17] --- Start #4 --- 
[17.04.2026  5:06:28,61] Beendet (exit=-1, #4) 
[17.04.2026  5:06:28,61] Neustart in 30s... 
[17.04.2026  5:06:58,19] --- Start #5 --- 
[17.04.2026  5:36:58,45] Beendet (exit=3, #5) 
[17.04.2026  5:36:58,45] Neustart in 30s... 
[17.04.2026  5:37:28,17] --- Start #6 --- 
[17.04.2026  9:21:47,91] Beendet (exit=3, #6) 
[17.04.2026  9:21:47,91] Neustart in 30s... 
[17.04.2026  9:22:17,18] --- Start #7 --- 
[18.04.2026 13:44:34,18] Beendet (exit=3, #7) 
[18.04.2026 13:44:34,18] Neustart in 30s... 
[18.04.2026 13:45:04,20] --- Start #8 --- 
[18.04.2026 14:01:06,75] Beendet (exit=3, #8) 
[18.04.2026 14:01:06,75] Neustart in 30s... 
[18.04.2026 14:01:36,17] --- Start #9 --- 
[18.04.2026 14:33:25,68] Beendet (exit=3, #9) 
[18.04.2026 14:33:25,68] Neustart in 30s... 
[18.04.2026 14:33:55,15] --- Start #10 --- 
[18.04.2026 15:22:29,61] Beendet (exit=3, #10) 
[18.04.2026 15:22:29,61] Neustart in 30s... 
[18.04.2026 15:22:59,20] --- Start #11 --- 
[18.04.2026 17:31:41,32] Beendet (exit=3, #11) 
[18.04.2026 17:31:41,32] Neustart in 30s... 
[18.04.2026 17:32:11,17] --- Start #12 --- 
[18.04.2026 18:20:37,61] Beendet (exit=3, #12) 
[18.04.2026 18:20:37,62] Neustart in 30s... 
[18.04.2026 18:21:07,15] --- Start #13 --- 
[18.04.2026 20:31:57,13] Beendet (exit=3, #13) 
[18.04.2026 20:31:57,13] Neustart in 30s... 
[18.04.2026 20:32:27,17] --- Start #14 --- 
[18.04.2026 21:20:45,82] Beendet (exit=3, #14) 
[18.04.2026 21:20:45,83] Neustart in 30s... 
[18.04.2026 21:21:15,21] --- Start #15 --- 
[18.04.2026 22:30:01,29] Beendet (exit=3, #15) 
[18.04.2026 22:30:01,29] Neustart in 30s... 
[18.04.2026 22:30:31,21] --- Start #16 --- 
[18.04.2026 23:41:52,68] Beendet (exit=3, #16) 
[18.04.2026 23:41:52,69] Neustart in 30s... 
[18.04.2026 23:42:22,21] --- Start #17 --- 
[19.04.2026  1:30:00,51] Beendet (exit=3, #17) 
[19.04.2026  1:30:00,51] Neustart in 30s... 
[19.04.2026  1:30:30,22] --- Start #18 --- 
[19.04.2026  2:22:45,69] Beendet (exit=3, #18) 
[19.04.2026  2:22:45,70] Neustart in 30s... 
[19.04.2026  2:23:15,14] --- Start #19 --- 
[19.04.2026  3:27:12,37] Beendet (exit=3, #19) 
[19.04.2026  3:27:12,38] Neustart in 30s... 
[19.04.2026  3:27:42,18] --- Start #20 --- 
[19.04.2026  4:31:38,82] Beendet (exit=3, #20) 
[19.04.2026  4:31:38,82] Neustart in 30s... 
[19.04.2026  4:32:08,14] --- Start #21 --- 
[19.04.2026  5:36:38,68] Beendet (exit=3, #21) 
[19.04.2026  5:36:38,68] Neustart in 30s... 
[19.04.2026  5:37:08,22] --- Start #22 --- 
[19.04.2026  6:25:32,60] Beendet (exit=3, #22) 
[19.04.2026  6:25:32,61] Neustart in 30s... 
[19.04.2026  6:26:02,21] --- Start #23 --- 
[19.04.2026  7:30:53,39] Beendet (exit=3, #23) 
[19.04.2026  7:30:53,39] Neustart in 30s... 
[19.04.2026  7:31:23,20] --- Start #24 --- 
[19.04.2026  8:18:55,17] Beendet (exit=3, #24) 
[19.04.2026  8:18:55,18] Neustart in 30s... 
[19.04.2026  8:19:25,19] --- Start #25 --- 
[19.04.2026  9:08:14,79] Beendet (exit=3, #25) 
[19.04.2026  9:08:14,80] Neustart in 30s... 
[19.04.2026  9:08:44,21] --- Start #26 --- 
[19.04.2026  9:25:17,79] Beendet (exit=3, #26) 
[19.04.2026  9:25:17,80] Neustart in 30s... 
[19.04.2026  9:25:47,15] --- Start #27 --- 
[19.04.2026 11:21:05,79] Beendet (exit=3, #27) 
[19.04.2026 11:21:05,80] Neustart in 30s... 
[19.04.2026 11:21:35,16] --- Start #28 --- 
[19.04.2026 13:30:46,44] Beendet (exit=3, #28) 
[19.04.2026 13:30:46,44] Neustart in 30s... 
[19.04.2026 13:31:16,12] --- Start #29 --- 
[19.04.2026 14:20:41,70] Beendet (exit=3, #29) 
[19.04.2026 14:20:41,70] Neustart in 30s... 
[19.04.2026 14:21:11,15] --- Start #30 --- 
[19.04.2026 16:32:10,64] Beendet (exit=3, #30) 
[19.04.2026 16:32:10,65] Neustart in 30s... 
[19.04.2026 16:32:40,19] --- Start #31 --- 
[19.04.2026 20:19:15,65] Beendet (exit=3, #31) 
[19.04.2026 20:19:15,65] Neustart in 30s... 
[19.04.2026 20:19:45,17] --- Start #32 --- 
[20.04.2026 12:12:21,84] ===== DAUERLAUF gestartet ===== 
[20.04.2026 12:12:22,33] --- Start #1 --- 
[20.04.2026 19:06:01,50] Beendet (exit=3, #1) 
[20.04.2026 19:06:01,50] Neustart in 30s... 
[20.04.2026 19:06:31,13] --- Start #2 --- 
[22.04.2026 13:11:03,27] ===== DAUERLAUF gestartet ===== 
[22.04.2026 13:11:03,27] --- Start #1 --- 
[23.04.2026 21:28:44,92] Beendet (exit=1, #1) 
[23.04.2026 21:28:44,92] Neustart in 30s... 
[23.04.2026 21:29:14,13] --- Start #2 --- 
[27.04.2026 13:07:35,98] ===== DAUERLAUF gestartet ===== 
[27.04.2026 13:07:36,00] --- Start #1 --- 
[27.04.2026 18:59:09,18] Beendet (exit=3, #1) 
[27.04.2026 18:59:09,19] Neustart in 30s... 
[27.04.2026 18:59:39,20] --- Start #2 --- 
[27.04.2026 19:31:45,46] Beendet (exit=3, #2) 
[27.04.2026 19:31:45,46] Neustart in 30s... 
[27.04.2026 19:32:15,15] --- Start #3 --- 
[28.04.2026  0:26:48,10] Beendet (exit=3, #3) 
[28.04.2026  0:26:48,10] Neustart in 30s... 
[28.04.2026  0:27:18,13] --- Start #4 --- 
[28.04.2026  9:20:09,78] Beendet (exit=3, #4) 
[28.04.2026  9:20:09,78] Neustart in 30s... 
[28.04.2026  9:20:39,19] --- Start #5 --- 
[28.04.2026 10:24:30,47] Beendet (exit=3, #5) 
[28.04.2026 10:24:30,48] Neustart in 30s... 
[28.04.2026 10:25:00,17] --- Start #6 --- 
[28.04.2026 22:48:08,59] Beendet (exit=3, #6) 
[28.04.2026 22:48:08,62] Neustart in 30s... 
[28.04.2026 22:48:38,18] --- Start #7 --- 
[29.04.2026 22:31:09,39] ===== DAUERLAUF gestartet ===== 
[29.04.2026 22:31:09,40] --- Start #1 --- 
[09.05.2026 16:45:57,71] Beendet (exit=3, #1) 
[09.05.2026 16:45:59,42] Neustart in 30s... 
[09.05.2026 16:46:32,70] --- Start #2 --- 
[09.05.2026 17:07:02,78] Beendet (exit=3, #2) 
[09.05.2026 17:07:02,98] Neustart in 30s... 
[09.05.2026 17:07:33,78] --- Start #3 --- 
[09.05.2026 17:33:00,41] Beendet (exit=-1, #3) 
[09.05.2026 17:33:00,74] Neustart in 30s... 
[09.05.2026 17:33:32,49] --- Start #4 --- 
[09.05.2026 17:41:13,19] Beendet (exit=-1, #4) 
[09.05.2026 17:41:14,69] Neustart in 30s... 
[09.05.2026 17:41:47,15] --- Start #5 --- 
[09.05.2026 17:45:02,53] Beendet (exit=-1, #5) 
[09.05.2026 17:45:02,98] Neustart in 30s... 
[09.05.2026 17:45:34,36] --- Start #6 --- 
[09.05.2026 18:44:20,08] Beendet (exit=3, #6) 
[09.05.2026 18:44:20,19] Neustart in 30s... 
[09.05.2026 18:44:51,66] --- Start #7 --- 
[09.05.2026 18:54:43,85] Beendet (exit=-1, #7) 
[09.05.2026 18:54:43,98] Neustart in 30s... 
[09.05.2026 18:55:14,78] --- Start #8 --- 
[09.05.2026 20:02:14,98] Beendet (exit=-1, #8) 
[09.05.2026 20:02:15,47] Neustart in 30s... 
[09.05.2026 20:02:47,69] --- Start #9 --- 
[09.05.2026 21:18:09,81] Beendet (exit=3, #9) 
[09.05.2026 21:18:09,82] Neustart in 30s... 
[09.05.2026 21:18:41,61] --- Start #10 --- 
[10.05.2026 12:28:01,73] ===== DAUERLAUF gestartet ===== 
[10.05.2026 12:28:01,78] --- Start #1 --- 
[13.05.2026 13:04:10,75] ===== DAUERLAUF gestartet ===== 
[13.05.2026 13:04:10,76] --- Start #1 --- 
[13.05.2026 23:25:58,77] Beendet (exit=1073807364, #1) 
[13.05.2026 23:25:58,85] Neustart in 30s... 
[13.05.2026 23:25:58,93] --- Start #2 --- 
[14.05.2026 14:11:39,64] ===== DAUERLAUF gestartet ===== 
[14.05.2026 14:11:39,66] --- Start #1 --- 
[14.05.2026 19:28:32,94] Beendet (exit=-1, #1) 
[14.05.2026 19:28:33,02] Neustart in 30s... 
[14.05.2026 19:29:03,57] --- Start #2 --- 
[14.05.2026 19:29:08,50] Beendet (exit=1, #2) 
[14.05.2026 19:29:08,68] Neustart in 30s... 
[14.05.2026 19:29:39,27] --- Start #3 --- 
[14.05.2026 19:29:41,28] Beendet (exit=1, #3) 
[14.05.2026 19:29:41,38] Neustart in 30s... 
[14.05.2026 19:30:11,49] --- Start #4 --- 
[14.05.2026 19:30:20,67] Beendet (exit=1, #4) 
[14.05.2026 19:30:21,77] Neustart in 30s... 
[14.05.2026 19:30:53,36] --- Start #5 --- 
[14.05.2026 19:31:06,86] Beendet (exit=1, #5) 
[14.05.2026 19:31:07,46] Neustart in 30s... 
[14.05.2026 19:31:38,51] --- Start #6 --- 
[14.05.2026 19:31:56,06] Beendet (exit=1, #6) 
[14.05.2026 19:31:57,18] Neustart in 30s... 
[14.05.2026 19:32:28,58] --- Start #7 --- 
[14.05.2026 19:32:32,70] Beendet (exit=1, #7) 
[14.05.2026 19:32:32,71] Neustart in 30s... 
[14.05.2026 19:33:03,28] --- Start #8 --- 
[14.05.2026 19:33:08,41] Beendet (exit=1, #8) 
[14.05.2026 19:33:08,61] Neustart in 30s... 
[14.05.2026 19:33:39,92] --- Start #9 --- 
[14.05.2026 19:33:52,85] Beendet (exit=1, #9) 
[14.05.2026 19:33:54,08] Neustart in 30s... 
[14.05.2026 19:34:26,92] --- Start #10 --- 
[14.05.2026 19:34:53,07] Beendet (exit=1, #10) 
[14.05.2026 19:34:54,12] Neustart in 30s... 
[14.05.2026 19:35:26,88] --- Start #11 --- 
[14.05.2026 19:35:36,79] Beendet (exit=1, #11) 
[14.05.2026 19:35:36,93] Neustart in 30s... 
[14.05.2026 19:36:08,77] --- Start #12 --- 
[14.05.2026 19:36:27,01] Beendet (exit=1, #12) 
[14.05.2026 19:36:28,00] Neustart in 30s... 
[14.05.2026 19:37:01,28] --- Start #13 --- 
[14.05.2026 19:37:06,95] Beendet (exit=1, #13) 
[14.05.2026 19:37:06,96] Neustart in 30s... 
[14.05.2026 19:37:37,28] --- Start #14 --- 
[14.05.2026 19:37:50,96] Beendet (exit=1, #14) 
[14.05.2026 19:37:51,09] Neustart in 30s... 
[14.05.2026 19:38:21,57] --- Start #15 --- 
[14.05.2026 19:38:37,35] Beendet (exit=1, #15) 
[14.05.2026 19:38:37,78] Neustart in 30s... 
[14.05.2026 19:39:10,39] --- Start #16 --- 
[14.05.2026 19:39:23,57] Beendet (exit=1, #16) 
[14.05.2026 19:39:24,07] Neustart in 30s... 
[14.05.2026 19:39:56,51] --- Start #17 --- 
[14.05.2026 19:40:16,75] Beendet (exit=1, #17) 
[14.05.2026 19:40:17,18] Neustart in 30s... 
[14.05.2026 19:40:49,79] --- Start #18 --- 
[14.05.2026 19:40:57,37] Beendet (exit=1, #18) 
[14.05.2026 19:40:57,53] Neustart in 30s... 
[14.05.2026 19:41:28,45] --- Start #19 --- 
[14.05.2026 19:41:43,39] Beendet (exit=1, #19) 
[14.05.2026 19:41:43,75] Neustart in 30s... 
[14.05.2026 19:42:14,49] --- Start #20 --- 
[14.05.2026 19:42:18,67] Beendet (exit=1, #20) 
[14.05.2026 19:42:18,94] Neustart in 30s... 
[14.05.2026 19:42:49,24] --- Start #21 --- 
[14.05.2026 19:42:51,55] Beendet (exit=1, #21) 
[14.05.2026 19:42:51,55] Neustart in 30s... 
[14.05.2026 19:43:21,20] --- Start #22 --- 
[14.05.2026 19:43:21,94] Beendet (exit=1, #22) 
[14.05.2026 19:43:21,99] Neustart in 30s... 
[14.05.2026 19:43:52,87] --- Start #23 --- 
[14.05.2026 19:44:04,71] Beendet (exit=1, #23) 
[14.05.2026 19:44:05,01] Neustart in 30s... 
[14.05.2026 19:44:36,28] --- Start #24 --- 
[14.05.2026 19:44:42,74] Beendet (exit=1, #24) 
[14.05.2026 19:44:42,89] Neustart in 30s... 
[14.05.2026 19:45:13,86] --- Start #25 --- 
[14.05.2026 19:45:23,19] Beendet (exit=1, #25) 
[14.05.2026 19:45:23,32] Neustart in 30s... 
[14.05.2026 19:45:54,32] --- Start #26 --- 
[14.05.2026 19:45:56,30] Beendet (exit=1, #26) 
[14.05.2026 19:45:56,34] Neustart in 30s... 
[14.05.2026 19:46:26,53] --- Start #27 --- 
[14.05.2026 19:46:33,65] Beendet (exit=1, #27) 
[14.05.2026 19:46:34,14] Neustart in 30s... 
[14.05.2026 19:47:04,20] --- Start #28 --- 
[14.05.2026 19:47:06,85] Beendet (exit=1, #28) 
[14.05.2026 19:47:06,94] Neustart in 30s... 
[14.05.2026 19:47:37,22] --- Start #29 --- 
[14.05.2026 19:47:37,96] Beendet (exit=1, #29) 
[14.05.2026 19:47:37,96] Neustart in 30s... 
[14.05.2026 19:48:08,42] --- Start #30 --- 
[14.05.2026 19:48:20,52] Beendet (exit=1, #30) 
[14.05.2026 19:48:20,68] Neustart in 30s... 
[14.05.2026 19:48:51,25] --- Start #31 --- 
[14.05.2026 19:48:54,55] Beendet (exit=1, #31) 
[14.05.2026 19:48:54,57] Neustart in 30s... 
[14.05.2026 19:49:25,59] --- Start #32 --- 
[14.05.2026 19:49:33,53] Beendet (exit=1, #32) 
[14.05.2026 19:49:33,77] Neustart in 30s... 
[14.05.2026 19:50:04,94] --- Start #33 --- 
[14.05.2026 19:50:16,87] Beendet (exit=1, #33) 
[14.05.2026 19:50:17,62] Neustart in 30s... 
[14.05.2026 19:50:49,26] --- Start #34 --- 
[14.05.2026 19:50:57,35] Beendet (exit=1, #34) 
[14.05.2026 19:50:57,51] Neustart in 30s... 
[14.05.2026 19:51:27,22] --- Start #35 --- 
[14.05.2026 19:51:32,70] Beendet (exit=1, #35) 
[14.05.2026 19:51:33,12] Neustart in 30s... 
[14.05.2026 19:52:04,60] --- Start #36 --- 
[14.05.2026 19:52:10,92] Beendet (exit=1, #36) 
[14.05.2026 19:52:11,07] Neustart in 30s... 
[14.05.2026 19:52:41,29] --- Start #37 --- 
[14.05.2026 19:52:47,09] Beendet (exit=1, #37) 
[14.05.2026 19:52:47,21] Neustart in 30s... 
[14.05.2026 19:53:17,79] --- Start #38 --- 
[14.05.2026 19:53:23,41] Beendet (exit=1, #38) 
[14.05.2026 19:53:23,71] Neustart in 30s... 
[14.05.2026 19:53:54,39] --- Start #39 --- 
[14.05.2026 19:53:59,71] Beendet (exit=1, #39) 
[14.05.2026 19:53:59,71] Neustart in 30s... 
[14.05.2026 19:54:30,56] --- Start #40 --- 
[14.05.2026 19:54:35,18] Beendet (exit=1, #40) 
[14.05.2026 19:54:35,18] Neustart in 30s... 
[14.05.2026 19:55:05,17] --- Start #41 --- 
[14.05.2026 19:55:09,26] Beendet (exit=1, #41) 
[14.05.2026 19:55:09,40] Neustart in 30s... 
[14.05.2026 19:55:39,51] --- Start #42 --- 
[14.05.2026 19:55:48,34] Beendet (exit=1, #42) 
[14.05.2026 19:55:48,53] Neustart in 30s... 
[14.05.2026 19:56:19,18] --- Start #43 --- 
[14.05.2026 19:56:19,62] Beendet (exit=1, #43) 
[14.05.2026 19:56:19,63] Neustart in 30s... 
[14.05.2026 19:56:49,24] --- Start #44 --- 
[14.05.2026 19:56:53,36] Beendet (exit=1, #44) 
[14.05.2026 19:56:53,44] Neustart in 30s... 
[14.05.2026 19:57:23,26] --- Start #45 --- 
[14.05.2026 19:57:24,78] Beendet (exit=1, #45) 
[14.05.2026 19:57:24,78] Neustart in 30s... 
[14.05.2026 19:57:55,45] --- Start #46 --- 
[14.05.2026 19:58:06,74] Beendet (exit=1, #46) 
[14.05.2026 19:58:07,15] Neustart in 30s... 
[14.05.2026 19:58:38,40] --- Start #47 --- 
[14.05.2026 19:58:45,81] Beendet (exit=1, #47) 
[14.05.2026 19:58:46,21] Neustart in 30s... 
[14.05.2026 19:59:17,26] --- Start #48 --- 
[14.05.2026 19:59:20,08] Beendet (exit=1, #48) 
[14.05.2026 19:59:20,14] Neustart in 30s... 
[14.05.2026 19:59:50,46] --- Start #49 --- 
[14.05.2026 19:59:55,25] Beendet (exit=1, #49) 
[14.05.2026 19:59:55,26] Neustart in 30s... 
[14.05.2026 20:00:25,22] --- Start #50 --- 
[14.05.2026 20:00:32,82] Beendet (exit=1, #50) 
[14.05.2026 20:00:32,94] Max Restarts - Pause 10 Min 
[14.05.2026 20:10:33,21] Neustart in 30s... 
[14.05.2026 20:11:03,21] --- Start #1 --- 
[14.05.2026 20:11:03,72] Beendet (exit=1, #1) 
[14.05.2026 20:11:03,72] Neustart in 30s... 
[14.05.2026 20:11:33,19] --- Start #2 --- 
[14.05.2026 20:11:38,30] Beendet (exit=1, #2) 
[14.05.2026 20:11:38,30] Neustart in 30s... 
[14.05.2026 20:12:08,19] --- Start #3 --- 
[14.05.2026 20:12:08,61] Beendet (exit=1, #3) 
[14.05.2026 20:12:08,61] Neustart in 30s... 
[14.05.2026 20:12:38,33] --- Start #4 --- 
[14.05.2026 20:12:39,13] Beendet (exit=1, #4) 
[14.05.2026 20:12:39,14] Neustart in 30s... 
[14.05.2026 20:13:09,28] --- Start #5 --- 
[14.05.2026 20:13:10,01] Beendet (exit=1, #5) 
[14.05.2026 20:13:10,01] Neustart in 30s... 
[14.05.2026 20:13:40,20] --- Start #6 --- 
[14.05.2026 20:13:42,47] Beendet (exit=1, #6) 
[14.05.2026 20:13:42,47] Neustart in 30s... 
[14.05.2026 20:14:12,32] --- Start #7 --- 
[14.05.2026 20:14:15,43] Beendet (exit=1, #7) 
[14.05.2026 20:14:15,43] Neustart in 30s... 
[14.05.2026 20:14:45,20] --- Start #8 --- 
[14.05.2026 20:14:48,28] Beendet (exit=1, #8) 
[14.05.2026 20:14:48,29] Neustart in 30s... 
[14.05.2026 20:15:18,38] --- Start #9 --- 
[14.05.2026 20:15:29,12] Beendet (exit=1, #9) 
[14.05.2026 20:15:29,80] Neustart in 30s... 
[14.05.2026 20:16:00,27] --- Start #10 --- 
[14.05.2026 20:16:00,71] Beendet (exit=1, #10) 
[14.05.2026 20:16:00,71] Neustart in 30s... 
[14.05.2026 20:16:30,29] --- Start #11 --- 
[14.05.2026 20:16:33,36] Beendet (exit=1, #11) 
[14.05.2026 20:16:33,36] Neustart in 30s... 
[14.05.2026 20:17:03,52] --- Start #12 --- 
[14.05.2026 20:17:08,88] Beendet (exit=1, #12) 
[14.05.2026 20:17:09,15] Neustart in 30s... 
[14.05.2026 20:17:40,28] --- Start #13 --- 
[14.05.2026 20:17:43,07] Beendet (exit=1, #13) 
[14.05.2026 20:17:43,08] Neustart in 30s... 
[14.05.2026 20:18:13,30] --- Start #14 --- 
[14.05.2026 20:18:14,17] Beendet (exit=1, #14) 
[14.05.2026 20:18:14,18] Neustart in 30s... 
[14.05.2026 20:18:44,40] --- Start #15 --- 
[14.05.2026 20:18:47,82] Beendet (exit=1, #15) 
[14.05.2026 20:18:47,82] Neustart in 30s... 
[14.05.2026 20:19:18,28] --- Start #16 --- 
[14.05.2026 20:19:22,29] Beendet (exit=1, #16) 
[14.05.2026 20:19:22,48] Neustart in 30s... 
[14.05.2026 20:19:52,30] --- Start #17 --- 
[14.05.2026 20:19:58,19] Beendet (exit=1, #17) 
[14.05.2026 20:19:58,25] Neustart in 30s... 
[14.05.2026 20:20:28,24] --- Start #18 --- 
[14.05.2026 20:20:33,00] Beendet (exit=1, #18) 
[14.05.2026 20:20:33,05] Neustart in 30s... 
[14.05.2026 20:21:03,32] --- Start #19 --- 
[14.05.2026 20:21:06,59] Beendet (exit=1, #19) 
[14.05.2026 20:21:06,65] Neustart in 30s... 
[14.05.2026 20:21:36,26] --- Start #20 --- 
[14.05.2026 20:21:36,70] Beendet (exit=1, #20) 
[14.05.2026 20:21:36,71] Neustart in 30s... 
[14.05.2026 20:22:06,29] --- Start #21 --- 
[14.05.2026 20:22:09,47] Beendet (exit=1, #21) 
[14.05.2026 20:22:09,54] Neustart in 30s... 
[14.05.2026 20:22:39,28] --- Start #22 --- 
[14.05.2026 20:22:42,28] Beendet (exit=1, #22) 
[14.05.2026 20:22:42,28] Neustart in 30s... 
[14.05.2026 20:23:12,29] --- Start #23 --- 
[14.05.2026 20:23:17,10] Beendet (exit=1, #23) 
[14.05.2026 20:23:17,10] Neustart in 30s... 
[14.05.2026 20:23:47,79] --- Start #24 --- 
[14.05.2026 20:23:50,58] Beendet (exit=1, #24) 
[14.05.2026 20:23:50,59] Neustart in 30s... 
[14.05.2026 20:24:20,20] --- Start #25 --- 
[14.05.2026 20:24:22,22] Beendet (exit=1, #25) 
[14.05.2026 20:24:22,22] Neustart in 30s... 
[14.05.2026 20:24:52,23] --- Start #26 --- 
[14.05.2026 20:24:55,92] Beendet (exit=1, #26) 
[14.05.2026 20:24:55,99] Neustart in 30s... 
[14.05.2026 20:25:26,29] --- Start #27 --- 
[14.05.2026 20:25:32,69] Beendet (exit=1, #27) 
[14.05.2026 20:25:32,70] Neustart in 30s... 
[14.05.2026 20:26:03,28] --- Start #28 --- 
[14.05.2026 20:26:05,67] Beendet (exit=1, #28) 
[14.05.2026 20:26:05,79] Neustart in 30s... 
[14.05.2026 20:26:36,24] --- Start #29 --- 
[14.05.2026 20:26:39,02] Beendet (exit=1, #29) 
[14.05.2026 20:26:39,16] Neustart in 30s... 
[14.05.2026 20:27:09,73] --- Start #30 --- 
[14.05.2026 20:27:14,88] Beendet (exit=1, #30) 
[14.05.2026 20:27:14,91] Neustart in 30s... 
[14.05.2026 20:27:45,34] --- Start #31 --- 
[14.05.2026 20:27:47,61] Beendet (exit=1, #31) 
[14.05.2026 20:27:47,61] Neustart in 30s... 
[14.05.2026 20:28:17,73] --- Start #32 --- 
[14.05.2026 20:28:23,61] Beendet (exit=1, #32) 
[14.05.2026 20:28:23,68] Neustart in 30s... 
[14.05.2026 20:28:54,32] --- Start #33 --- 
[14.05.2026 20:28:55,16] Beendet (exit=1, #33) 
[14.05.2026 20:28:55,23] Neustart in 30s... 
[14.05.2026 20:29:25,63] --- Start #34 --- 
[14.05.2026 20:29:32,25] Beendet (exit=1, #34) 
[14.05.2026 20:29:32,26] Neustart in 30s... 
[14.05.2026 20:30:02,26] --- Start #35 --- 
[14.05.2026 20:30:06,71] Beendet (exit=1, #35) 
[14.05.2026 20:30:06,78] Neustart in 30s... 
[14.05.2026 20:30:37,48] --- Start #36 --- 
[14.05.2026 20:30:39,24] Beendet (exit=1, #36) 
[14.05.2026 20:30:39,25] Neustart in 30s... 
[14.05.2026 20:31:09,30] --- Start #37 --- 
[14.05.2026 20:31:10,43] Beendet (exit=1, #37) 
[14.05.2026 20:31:10,43] Neustart in 30s... 
[14.05.2026 20:31:40,39] --- Start #38 --- 
[14.05.2026 20:31:41,29] Beendet (exit=1, #38) 
[14.05.2026 20:31:41,29] Neustart in 30s... 
[14.05.2026 20:32:11,31] --- Start #39 --- 
[14.05.2026 20:32:12,82] Beendet (exit=1, #39) 
[14.05.2026 20:32:12,88] Neustart in 30s... 
[14.05.2026 20:32:43,42] --- Start #40 --- 
[14.05.2026 20:32:47,47] Beendet (exit=1, #40) 
[14.05.2026 20:32:47,50] Neustart in 30s... 
[14.05.2026 20:33:17,30] --- Start #41 --- 
[14.05.2026 20:33:19,11] Beendet (exit=1, #41) 
[14.05.2026 20:33:19,11] Neustart in 30s... 
[14.05.2026 20:33:49,20] --- Start #42 --- 
[14.05.2026 20:33:51,59] Beendet (exit=1, #42) 
[14.05.2026 20:33:51,59] Neustart in 30s... 
[14.05.2026 20:34:21,28] --- Start #43 --- 
[14.05.2026 20:34:22,07] Beendet (exit=1, #43) 
[14.05.2026 20:34:22,07] Neustart in 30s... 
[14.05.2026 20:34:52,19] --- Start #44 --- 
[14.05.2026 20:34:52,94] Beendet (exit=1, #44) 
[14.05.2026 20:34:52,94] Neustart in 30s... 
[14.05.2026 20:35:23,29] --- Start #45 --- 
[14.05.2026 20:35:24,54] Beendet (exit=1, #45) 
[14.05.2026 20:35:24,54] Neustart in 30s... 
[14.05.2026 20:35:54,38] --- Start #46 --- 
[14.05.2026 20:35:56,21] Beendet (exit=1, #46) 
[14.05.2026 20:35:56,21] Neustart in 30s... 
[14.05.2026 20:36:26,27] --- Start #47 --- 
[14.05.2026 20:36:29,62] Beendet (exit=1, #47) 
[14.05.2026 20:36:29,79] Neustart in 30s... 
[14.05.2026 20:37:01,18] --- Start #48 --- 
[14.05.2026 20:37:08,82] Beendet (exit=1, #48) 
[14.05.2026 20:37:08,82] Neustart in 30s... 
[14.05.2026 20:37:39,31] --- Start #49 --- 
[14.05.2026 20:37:40,84] Beendet (exit=1, #49) 
[14.05.2026 20:37:40,84] Neustart in 30s... 
[14.05.2026 20:38:11,48] --- Start #50 --- 
[14.05.2026 20:38:19,17] Beendet (exit=1, #50) 
[14.05.2026 20:38:19,33] Max Restarts - Pause 10 Min 
[14.05.2026 20:48:19,26] Neustart in 30s... 
[14.05.2026 20:48:50,56] --- Start #1 --- 
[14.05.2026 20:48:52,69] Beendet (exit=1, #1) 
[14.05.2026 20:48:52,70] Neustart in 30s... 
[14.05.2026 20:49:23,38] --- Start #2 --- 
[14.05.2026 20:49:26,86] Beendet (exit=1, #2) 
[14.05.2026 20:49:26,93] Neustart in 30s... 
[14.05.2026 20:49:57,26] --- Start #3 --- 
[14.05.2026 20:49:59,85] Beendet (exit=1, #3) 
[14.05.2026 20:49:59,85] Neustart in 30s... 
[14.05.2026 20:50:30,36] --- Start #4 --- 
[14.05.2026 20:50:33,37] Beendet (exit=1, #4) 
[14.05.2026 20:50:33,51] Neustart in 30s... 
[14.05.2026 20:51:04,45] --- Start #5 --- 
[14.05.2026 20:51:07,50] Beendet (exit=1, #5) 
[14.05.2026 20:51:07,57] Neustart in 30s... 
[14.05.2026 20:51:38,35] --- Start #6 --- 
[14.05.2026 20:51:40,95] Beendet (exit=1, #6) 
[14.05.2026 20:51:41,00] Neustart in 30s... 
[14.05.2026 20:52:11,49] --- Start #7 --- 
[14.05.2026 20:52:16,38] Beendet (exit=1, #7) 
[14.05.2026 20:52:16,39] Neustart in 30s... 
[14.05.2026 20:52:47,23] --- Start #8 --- 
[14.05.2026 20:52:52,02] Beendet (exit=1, #8) 
[14.05.2026 20:52:52,14] Neustart in 30s... 
[14.05.2026 20:53:23,06] --- Start #9 --- 
[14.05.2026 20:53:25,35] Beendet (exit=1, #9) 
[14.05.2026 20:53:25,35] Neustart in 30s... 
[14.05.2026 20:53:56,20] --- Start #10 --- 
[14.05.2026 20:53:59,68] Beendet (exit=1, #10) 
[14.05.2026 20:53:59,72] Neustart in 30s... 
[14.05.2026 20:54:29,37] --- Start #11 --- 
[14.05.2026 20:54:32,07] Beendet (exit=1, #11) 
[14.05.2026 20:54:32,07] Neustart in 30s... 
[14.05.2026 20:55:02,23] --- Start #12 --- 
[14.05.2026 20:55:04,89] Beendet (exit=1, #12) 
[14.05.2026 20:55:05,03] Neustart in 30s... 
[14.05.2026 20:55:35,33] --- Start #13 --- 
[14.05.2026 20:55:36,56] Beendet (exit=1, #13) 
[14.05.2026 20:55:36,57] Neustart in 30s... 
[14.05.2026 20:56:06,41] --- Start #14 --- 
[14.05.2026 20:56:10,61] Beendet (exit=1, #14) 
[14.05.2026 20:56:10,77] Neustart in 30s... 
[14.05.2026 20:56:40,35] --- Start #15 --- 
[14.05.2026 20:56:42,90] Beendet (exit=1, #15) 
[14.05.2026 20:56:42,97] Neustart in 30s... 
[14.05.2026 20:57:13,27] --- Start #16 --- 
[14.05.2026 20:57:16,82] Beendet (exit=1, #16) 
[14.05.2026 20:57:16,82] Neustart in 30s... 
[14.05.2026 20:57:47,25] --- Start #17 --- 
[14.05.2026 20:57:50,69] Beendet (exit=1, #17) 
[14.05.2026 20:57:50,69] Neustart in 30s... 
[14.05.2026 20:58:20,28] --- Start #18 --- 
[14.05.2026 20:58:20,88] Beendet (exit=1, #18) 
[14.05.2026 20:58:20,88] Neustart in 30s... 
[14.05.2026 20:58:50,24] --- Start #19 --- 
[14.05.2026 20:58:50,60] Beendet (exit=1, #19) 
[14.05.2026 20:58:50,61] Neustart in 30s... 
[14.05.2026 20:59:20,64] --- Start #20 --- 
[14.05.2026 20:59:23,70] Beendet (exit=1, #20) 
[14.05.2026 20:59:23,70] Neustart in 30s... 
[14.05.2026 20:59:53,21] --- Start #21 --- 
[14.05.2026 20:59:53,65] Beendet (exit=1, #21) 
[14.05.2026 20:59:53,65] Neustart in 30s... 
[14.05.2026 21:00:23,35] --- Start #22 --- 
[14.05.2026 21:00:25,57] Beendet (exit=1, #22) 
[14.05.2026 21:00:25,63] Neustart in 30s... 
[14.05.2026 21:00:56,61] --- Start #23 --- 
[14.05.2026 21:00:59,94] Beendet (exit=1, #23) 
[14.05.2026 21:01:00,54] Neustart in 30s... 
[14.05.2026 21:01:31,28] --- Start #24 --- 
[14.05.2026 21:01:32,03] Beendet (exit=1, #24) 
[14.05.2026 21:01:32,03] Neustart in 30s... 
[14.05.2026 21:02:02,24] --- Start #25 --- 
[14.05.2026 21:02:02,98] Beendet (exit=1, #25) 
[14.05.2026 21:02:02,98] Neustart in 30s... 
[14.05.2026 21:02:33,26] --- Start #26 --- 
[14.05.2026 21:02:33,88] Beendet (exit=1, #26) 
[14.05.2026 21:02:33,88] Neustart in 30s... 
[14.05.2026 21:03:03,82] --- Start #27 --- 
[14.05.2026 21:03:08,22] Beendet (exit=1, #27) 
[14.05.2026 21:03:08,22] Neustart in 30s... 
[14.05.2026 21:03:38,22] --- Start #28 --- 
[14.05.2026 21:03:38,61] Beendet (exit=1, #28) 
[14.05.2026 21:03:38,61] Neustart in 30s... 
[14.05.2026 21:04:08,30] --- Start #29 --- 
[14.05.2026 21:04:11,71] Beendet (exit=1, #29) 
[14.05.2026 21:04:11,71] Neustart in 30s... 
[14.05.2026 21:04:42,24] --- Start #30 --- 
[14.05.2026 21:04:44,53] Beendet (exit=1, #30) 
[14.05.2026 21:04:44,54] Neustart in 30s... 
[14.05.2026 21:05:14,26] --- Start #31 --- 
[14.05.2026 21:05:15,11] Beendet (exit=1, #31) 
[14.05.2026 21:05:15,11] Neustart in 30s... 
[14.05.2026 21:05:45,19] --- Start #32 --- 
[14.05.2026 21:05:46,92] Beendet (exit=1, #32) 
[14.05.2026 21:05:47,13] Neustart in 30s... 
[14.05.2026 21:06:18,31] --- Start #33 --- 
[14.05.2026 21:06:18,91] Beendet (exit=1, #33) 
[14.05.2026 21:06:18,92] Neustart in 30s... 
[14.05.2026 21:06:49,29] --- Start #34 --- 
[14.05.2026 21:06:51,63] Beendet (exit=1, #34) 
[14.05.2026 21:06:51,63] Neustart in 30s... 
[14.05.2026 21:07:22,21] --- Start #35 --- 
[14.05.2026 21:07:23,97] Beendet (exit=1, #35) 
[14.05.2026 21:07:24,04] Neustart in 30s... 
[14.05.2026 21:07:54,32] --- Start #36 --- 
[14.05.2026 21:07:56,73] Beendet (exit=1, #36) 
[14.05.2026 21:07:56,73] Neustart in 30s... 
[14.05.2026 21:08:27,38] --- Start #37 --- 
[14.05.2026 21:08:29,86] Beendet (exit=1, #37) 
[14.05.2026 21:08:29,87] Neustart in 30s... 
[14.05.2026 21:09:00,24] --- Start #38 --- 
[14.05.2026 21:09:01,14] Beendet (exit=1, #38) 
[14.05.2026 21:09:01,14] Neustart in 30s... 
[14.05.2026 21:09:31,40] --- Start #39 --- 
[14.05.2026 21:09:34,94] Beendet (exit=1, #39) 
[14.05.2026 21:09:34,95] Neustart in 30s... 
[14.05.2026 21:10:05,42] --- Start #40 --- 
[14.05.2026 21:10:05,82] Beendet (exit=1, #40) 
[14.05.2026 21:10:05,83] Neustart in 30s... 
[14.05.2026 21:10:35,27] --- Start #41 --- 
[14.05.2026 21:10:37,14] Beendet (exit=1, #41) 
[14.05.2026 21:10:37,15] Neustart in 30s... 
[14.05.2026 21:11:07,31] --- Start #42 --- 
[14.05.2026 21:11:08,84] Beendet (exit=1, #42) 
[14.05.2026 21:11:08,84] Neustart in 30s... 
[14.05.2026 21:11:39,76] --- Start #43 --- 
[14.05.2026 21:11:42,07] Beendet (exit=1, #43) 
[14.05.2026 21:11:42,07] Neustart in 30s... 
[14.05.2026 21:12:12,27] --- Start #44 --- 
[14.05.2026 21:12:12,90] Beendet (exit=1, #44) 
[14.05.2026 21:12:12,90] Neustart in 30s... 
[14.05.2026 21:12:43,25] --- Start #45 --- 
[14.05.2026 21:12:43,64] Beendet (exit=1, #45) 
[14.05.2026 21:12:43,71] Neustart in 30s... 
[14.05.2026 21:13:13,28] --- Start #46 --- 
[14.05.2026 21:13:14,02] Beendet (exit=1, #46) 
[14.05.2026 21:13:14,02] Neustart in 30s... 
[14.05.2026 21:13:44,23] --- Start #47 --- 
[14.05.2026 21:13:45,33] Beendet (exit=1, #47) 
[14.05.2026 21:13:45,33] Neustart in 30s... 
[14.05.2026 21:14:15,35] --- Start #48 --- 
[14.05.2026 21:14:17,99] Beendet (exit=1, #48) 
[14.05.2026 21:14:18,00] Neustart in 30s... 
[14.05.2026 21:14:48,23] --- Start #49 --- 
[14.05.2026 21:14:50,93] Beendet (exit=1, #49) 
[14.05.2026 21:14:50,93] Neustart in 30s... 
[14.05.2026 21:15:21,23] --- Start #50 --- 
[14.05.2026 21:15:21,75] Beendet (exit=1, #50) 
[14.05.2026 21:15:21,76] Max Restarts - Pause 10 Min 
[14.05.2026 21:25:21,22] Neustart in 30s... 
[14.05.2026 21:25:51,37] --- Start #1 --- 
[14.05.2026 21:25:54,66] Beendet (exit=1, #1) 
[14.05.2026 21:25:54,66] Neustart in 30s... 
[14.05.2026 21:26:24,24] --- Start #2 --- 
[14.05.2026 21:26:26,61] Beendet (exit=1, #2) 
[14.05.2026 21:26:26,68] Neustart in 30s... 
[14.05.2026 21:26:56,30] --- Start #3 --- 
[14.05.2026 21:26:59,06] Beendet (exit=1, #3) 
[14.05.2026 21:26:59,07] Neustart in 30s... 
[14.05.2026 21:27:29,55] --- Start #4 --- 
[14.05.2026 21:27:31,94] Beendet (exit=1, #4) 
[14.05.2026 21:27:32,01] Neustart in 30s... 
[14.05.2026 21:28:02,34] --- Start #5 --- 
[14.05.2026 21:28:05,88] Beendet (exit=1, #5) 
[14.05.2026 21:28:05,96] Neustart in 30s... 
[14.05.2026 21:28:36,23] --- Start #6 --- 
[14.05.2026 21:28:37,93] Beendet (exit=1, #6) 
[14.05.2026 21:28:37,93] Neustart in 30s... 
[14.05.2026 21:29:08,20] --- Start #7 --- 
[14.05.2026 21:29:10,68] Beendet (exit=1, #7) 
[14.05.2026 21:29:10,76] Neustart in 30s... 
[14.05.2026 21:29:41,28] --- Start #8 --- 
[14.05.2026 21:29:41,84] Beendet (exit=1, #8) 
[14.05.2026 21:29:41,84] Neustart in 30s... 
[14.05.2026 21:30:11,19] --- Start #9 --- 
[14.05.2026 21:30:11,66] Beendet (exit=1, #9) 
[14.05.2026 21:30:11,66] Neustart in 30s... 
[14.05.2026 21:30:41,40] --- Start #10 --- 
[14.05.2026 21:30:43,76] Beendet (exit=1, #10) 
[14.05.2026 21:30:43,76] Neustart in 30s... 
[14.05.2026 21:31:13,23] --- Start #11 --- 
[14.05.2026 21:31:15,69] Beendet (exit=1, #11) 
[14.05.2026 21:31:15,76] Neustart in 30s... 
[14.05.2026 21:31:46,21] --- Start #12 --- 
[14.05.2026 21:31:46,68] Beendet (exit=1, #12) 
[14.05.2026 21:31:46,68] Neustart in 30s... 
[14.05.2026 21:32:16,30] --- Start #13 --- 
[14.05.2026 21:32:19,85] Beendet (exit=1, #13) 
[14.05.2026 21:32:19,89] Neustart in 30s... 
[14.05.2026 21:32:50,19] --- Start #14 --- 
[14.05.2026 21:32:50,57] Beendet (exit=1, #14) 
[14.05.2026 21:32:50,57] Neustart in 30s... 
[14.05.2026 21:33:20,20] --- Start #15 --- 
[14.05.2026 21:33:20,59] Beendet (exit=1, #15) 
[14.05.2026 21:33:20,60] Neustart in 30s... 
[14.05.2026 21:33:50,21] --- Start #16 --- 
[14.05.2026 21:33:50,70] Beendet (exit=1, #16) 
[14.05.2026 21:33:50,70] Neustart in 30s... 
[14.05.2026 21:34:20,27] --- Start #17 --- 
[14.05.2026 21:34:20,80] Beendet (exit=1, #17) 
[14.05.2026 21:34:20,80] Neustart in 30s... 
[14.05.2026 21:34:50,27] --- Start #18 --- 
[14.05.2026 21:34:53,47] Beendet (exit=1, #18) 
[14.05.2026 21:34:53,55] Neustart in 30s... 
[14.05.2026 21:35:23,23] --- Start #19 --- 
[14.05.2026 21:35:24,63] Beendet (exit=1, #19) 
[14.05.2026 21:35:24,63] Neustart in 30s... 
[14.05.2026 21:35:54,26] --- Start #20 --- 
[14.05.2026 21:35:55,14] Beendet (exit=1, #20) 
[14.05.2026 21:35:55,14] Neustart in 30s... 
[14.05.2026 21:36:25,63] --- Start #21 --- 
[14.05.2026 21:36:29,79] Beendet (exit=1, #21) 
[14.05.2026 21:36:29,86] Neustart in 30s... 
[14.05.2026 21:37:00,49] --- Start #22 --- 
[14.05.2026 21:37:10,31] Beendet (exit=1, #22) 
[14.05.2026 21:37:10,43] Neustart in 30s... 
[14.05.2026 21:37:41,31] --- Start #23 --- 
[14.05.2026 21:37:46,35] Beendet (exit=1, #23) 
[14.05.2026 21:37:46,52] Neustart in 30s... 
[14.05.2026 21:38:17,23] --- Start #24 --- 
[14.05.2026 21:38:29,01] Beendet (exit=1, #24) 
[14.05.2026 21:38:29,05] Neustart in 30s... 
[14.05.2026 21:38:59,32] --- Start #25 --- 
[14.05.2026 21:39:09,54] Beendet (exit=1, #25) 
[14.05.2026 21:39:09,92] Neustart in 30s... 
[14.05.2026 21:39:40,31] --- Start #26 --- 
[14.05.2026 21:39:44,37] Beendet (exit=1, #26) 
[14.05.2026 21:39:44,57] Neustart in 30s... 
[14.05.2026 21:40:16,14] --- Start #27 --- 
[14.05.2026 21:40:22,58] Beendet (exit=1, #27) 
[14.05.2026 21:40:22,69] Neustart in 30s... 
[14.05.2026 21:40:53,40] --- Start #28 --- 
[14.05.2026 21:40:55,99] Beendet (exit=1, #28) 
[14.05.2026 21:40:56,06] Neustart in 30s... 
[14.05.2026 21:41:26,26] --- Start #29 --- 
[14.05.2026 21:41:29,45] Beendet (exit=1, #29) 
[14.05.2026 21:41:29,45] Neustart in 30s... 
[14.05.2026 21:42:00,23] --- Start #30 --- 
[14.05.2026 21:42:02,18] Beendet (exit=1, #30) 
[14.05.2026 21:42:02,26] Neustart in 30s... 
[14.05.2026 21:42:32,37] --- Start #31 --- 
[14.05.2026 21:42:35,89] Beendet (exit=1, #31) 
[14.05.2026 21:42:35,97] Neustart in 30s... 
[14.05.2026 21:43:06,41] --- Start #32 --- 
[14.05.2026 21:43:11,02] Beendet (exit=1, #32) 
[14.05.2026 21:43:11,09] Neustart in 30s... 
[14.05.2026 21:43:41,32] --- Start #33 --- 
[14.05.2026 21:43:44,88] Beendet (exit=1, #33) 
[14.05.2026 21:43:44,89] Neustart in 30s... 
[14.05.2026 21:44:15,36] --- Start #34 --- 
[14.05.2026 21:44:18,26] Beendet (exit=1, #34) 
[14.05.2026 21:44:18,32] Neustart in 30s... 
[14.05.2026 21:44:48,26] --- Start #35 --- 
[14.05.2026 21:44:52,47] Beendet (exit=1, #35) 
[14.05.2026 21:44:52,57] Neustart in 30s... 
[14.05.2026 21:45:22,21] --- Start #36 --- 
[14.05.2026 21:45:22,68] Beendet (exit=1, #36) 
[14.05.2026 21:45:22,68] Neustart in 30s... 
[14.05.2026 21:45:52,22] --- Start #37 --- 
[14.05.2026 21:45:52,60] Beendet (exit=1, #37) 
[14.05.2026 21:45:52,60] Neustart in 30s... 
[14.05.2026 21:46:22,36] --- Start #38 --- 
[14.05.2026 21:46:25,58] Beendet (exit=1, #38) 
[14.05.2026 21:46:25,65] Neustart in 30s... 
[14.05.2026 21:46:56,20] --- Start #39 --- 
[14.05.2026 21:46:56,56] Beendet (exit=1, #39) 
[14.05.2026 21:46:56,56] Neustart in 30s... 
[14.05.2026 21:47:26,22] --- Start #40 --- 
[14.05.2026 21:47:28,52] Beendet (exit=1, #40) 
[14.05.2026 21:47:28,53] Neustart in 30s... 
[14.05.2026 21:47:58,28] --- Start #41 --- 
[14.05.2026 21:47:59,39] Beendet (exit=1, #41) 
[14.05.2026 21:47:59,39] Neustart in 30s... 
[14.05.2026 21:48:29,46] --- Start #42 --- 
[14.05.2026 21:48:34,96] Beendet (exit=1, #42) 
[14.05.2026 21:48:34,97] Neustart in 30s... 
[14.05.2026 21:49:05,45] --- Start #43 --- 
[14.05.2026 21:49:11,03] Beendet (exit=1, #43) 
[14.05.2026 21:49:11,32] Neustart in 30s... 
[14.05.2026 21:49:41,31] --- Start #44 --- 
[14.05.2026 21:49:44,63] Beendet (exit=1, #44) 
[14.05.2026 21:49:44,75] Neustart in 30s... 
[14.05.2026 21:50:15,31] --- Start #45 --- 
[14.05.2026 21:50:21,85] Beendet (exit=1, #45) 
[14.05.2026 21:50:21,85] Neustart in 30s... 
[14.05.2026 21:50:52,35] --- Start #46 --- 
[14.05.2026 21:50:54,58] Beendet (exit=1, #46) 
[14.05.2026 21:50:54,58] Neustart in 30s... 
[14.05.2026 21:51:24,22] --- Start #47 --- 
[14.05.2026 21:51:27,96] Beendet (exit=1, #47) 
[14.05.2026 21:51:28,10] Neustart in 30s... 
[14.05.2026 21:51:58,21] --- Start #48 --- 
[14.05.2026 21:51:59,96] Beendet (exit=1, #48) 
[14.05.2026 21:51:59,96] Neustart in 30s... 
[14.05.2026 21:52:30,29] --- Start #49 --- 
[14.05.2026 21:52:30,75] Beendet (exit=1, #49) 
[14.05.2026 21:52:30,76] Neustart in 30s... 
[14.05.2026 21:53:00,50] --- Start #50 --- 
[14.05.2026 21:53:05,83] Beendet (exit=1, #50) 
[14.05.2026 21:53:05,84] Max Restarts - Pause 10 Min 
[14.05.2026 22:03:06,34] Neustart in 30s... 
[14.05.2026 22:03:36,41] --- Start #1 --- 
[14.05.2026 22:03:40,12] Beendet (exit=1, #1) 
[14.05.2026 22:03:40,13] Neustart in 30s... 
[14.05.2026 22:04:10,26] --- Start #2 --- 
[14.05.2026 22:04:12,96] Beendet (exit=1, #2) 
[14.05.2026 22:04:13,04] Neustart in 30s... 
[14.05.2026 22:04:43,18] --- Start #3 --- 
[14.05.2026 22:04:43,94] Beendet (exit=1, #3) 
[14.05.2026 22:04:43,94] Neustart in 30s... 
[14.05.2026 22:05:14,21] --- Start #4 --- 
[14.05.2026 22:05:15,00] Beendet (exit=1, #4) 
[14.05.2026 22:05:15,04] Neustart in 30s... 
[14.05.2026 22:05:45,24] --- Start #5 --- 
[14.05.2026 22:05:46,17] Beendet (exit=1, #5) 
[14.05.2026 22:05:46,17] Neustart in 30s... 
[14.05.2026 22:06:16,26] --- Start #6 --- 
[14.05.2026 22:06:19,44] Beendet (exit=1, #6) 
[14.05.2026 22:06:19,61] Neustart in 30s... 
[14.05.2026 22:06:49,31] --- Start #7 --- 
[14.05.2026 22:06:53,62] Beendet (exit=1, #7) 
[14.05.2026 22:06:54,00] Neustart in 30s... 
[14.05.2026 22:07:25,46] --- Start #8 --- 
[14.05.2026 22:07:28,38] Beendet (exit=1, #8) 
[14.05.2026 22:07:28,46] Neustart in 30s... 
[14.05.2026 22:07:58,25] --- Start #9 --- 
[14.05.2026 22:07:59,20] Beendet (exit=1, #9) 
[14.05.2026 22:07:59,20] Neustart in 30s... 
[14.05.2026 22:08:29,24] --- Start #10 --- 
[14.05.2026 22:08:29,72] Beendet (exit=1, #10) 
[14.05.2026 22:08:29,72] Neustart in 30s... 
[14.05.2026 22:08:59,25] --- Start #11 --- 
[14.05.2026 22:09:01,83] Beendet (exit=1, #11) 
[14.05.2026 22:09:01,83] Neustart in 30s... 
[14.05.2026 22:09:31,25] --- Start #12 --- 
[14.05.2026 22:09:34,70] Beendet (exit=1, #12) 
[14.05.2026 22:09:34,71] Neustart in 30s... 
[14.05.2026 22:10:05,26] --- Start #13 --- 
[14.05.2026 22:10:08,73] Beendet (exit=1, #13) 
[14.05.2026 22:10:08,73] Neustart in 30s... 
[14.05.2026 22:10:38,33] --- Start #14 --- 
[14.05.2026 22:10:39,07] Beendet (exit=1, #14) 
[14.05.2026 22:10:39,08] Neustart in 30s... 
[14.05.2026 22:11:09,60] --- Start #15 --- 
[14.05.2026 22:11:13,30] Beendet (exit=1, #15) 
[14.05.2026 22:11:13,30] Neustart in 30s... 
[14.05.2026 22:11:43,26] --- Start #16 --- 
[14.05.2026 22:11:46,50] Beendet (exit=1, #16) 
[14.05.2026 22:11:46,58] Neustart in 30s... 
[14.05.2026 22:12:17,23] --- Start #17 --- 
[14.05.2026 22:12:18,10] Beendet (exit=1, #17) 
[14.05.2026 22:12:18,18] Neustart in 30s... 
[14.05.2026 22:12:48,23] --- Start #18 --- 
[14.05.2026 22:12:48,76] Beendet (exit=1, #18) 
[14.05.2026 22:12:48,76] Neustart in 30s... 
[14.05.2026 22:13:18,27] --- Start #19 --- 
[14.05.2026 22:13:18,90] Beendet (exit=1, #19) 
[14.05.2026 22:13:18,90] Neustart in 30s... 
[14.05.2026 22:13:49,36] --- Start #20 --- 
[14.05.2026 22:13:50,32] Beendet (exit=1, #20) 
[14.05.2026 22:13:50,32] Neustart in 30s... 
[14.05.2026 22:14:20,21] --- Start #21 --- 
[14.05.2026 22:14:20,92] Beendet (exit=1, #21) 
[14.05.2026 22:14:20,92] Neustart in 30s... 
[14.05.2026 22:14:51,24] --- Start #22 --- 
[14.05.2026 22:14:51,68] Beendet (exit=1, #22) 
[14.05.2026 22:14:51,69] Neustart in 30s... 
[14.05.2026 22:15:21,27] --- Start #23 --- 
[14.05.2026 22:15:21,59] Beendet (exit=1, #23) 
[14.05.2026 22:15:21,60] Neustart in 30s... 
[14.05.2026 22:15:51,27] --- Start #24 --- 
[14.05.2026 22:15:51,72] Beendet (exit=1, #24) 
[14.05.2026 22:15:51,73] Neustart in 30s... 
[14.05.2026 22:16:21,27] --- Start #25 --- 
[14.05.2026 22:16:24,02] Beendet (exit=1, #25) 
[14.05.2026 22:16:24,03] Neustart in 30s... 
[14.05.2026 22:16:54,18] --- Start #26 --- 
[14.05.2026 22:16:55,97] Beendet (exit=1, #26) 
[14.05.2026 22:16:55,98] Neustart in 30s... 
[14.05.2026 22:17:26,98] --- Start #27 --- 
[14.05.2026 22:17:40,87] Beendet (exit=1, #27) 
[14.05.2026 22:17:41,75] Neustart in 30s... 
[14.05.2026 22:18:13,34] --- Start #28 --- 
[14.05.2026 22:18:14,55] Beendet (exit=1, #28) 
[14.05.2026 22:18:14,56] Neustart in 30s... 
[14.05.2026 22:18:44,42] --- Start #29 --- 
[14.05.2026 22:18:47,84] Beendet (exit=1, #29) 
[14.05.2026 22:18:47,84] Neustart in 30s... 
[14.05.2026 22:19:18,43] --- Start #30 --- 
[14.05.2026 22:19:25,92] Beendet (exit=1, #30) 
[14.05.2026 22:19:26,34] Neustart in 30s... 
[14.05.2026 22:19:57,57] --- Start #31 --- 
[14.05.2026 22:19:58,96] Beendet (exit=1, #31) 
[14.05.2026 22:19:59,04] Neustart in 30s... 
[14.05.2026 22:20:29,22] --- Start #32 --- 
[14.05.2026 22:20:32,04] Beendet (exit=1, #32) 
[14.05.2026 22:20:32,04] Neustart in 30s... 
[14.05.2026 22:21:02,36] --- Start #33 --- 
[14.05.2026 22:21:04,27] Beendet (exit=1, #33) 
[14.05.2026 22:21:04,27] Neustart in 30s... 
[14.05.2026 22:21:34,25] --- Start #34 --- 
[14.05.2026 22:21:34,79] Beendet (exit=1, #34) 
[14.05.2026 22:21:34,80] Neustart in 30s... 
[14.05.2026 22:22:04,32] --- Start #35 --- 
[14.05.2026 22:22:06,88] Beendet (exit=1, #35) 
[14.05.2026 22:22:06,89] Neustart in 30s... 
[14.05.2026 22:22:37,51] --- Start #36 --- 
[14.05.2026 22:22:38,96] Beendet (exit=1, #36) 
[14.05.2026 22:22:39,03] Neustart in 30s... 
[14.05.2026 22:23:09,28] --- Start #37 --- 
[14.05.2026 22:23:10,68] Beendet (exit=1, #37) 
[14.05.2026 22:23:10,72] Neustart in 30s... 
[14.05.2026 22:23:40,36] --- Start #38 --- 
[14.05.2026 22:23:43,45] Beendet (exit=1, #38) 
[14.05.2026 22:23:43,52] Neustart in 30s... 
[14.05.2026 22:24:14,46] --- Start #39 --- 
[14.05.2026 22:24:17,51] Beendet (exit=1, #39) 
[14.05.2026 22:24:17,55] Neustart in 30s... 
[14.05.2026 22:24:47,31] --- Start #40 --- 
[14.05.2026 22:24:50,91] Beendet (exit=1, #40) 
[14.05.2026 22:24:50,91] Neustart in 30s... 
[14.05.2026 22:25:21,29] --- Start #41 --- 
[14.05.2026 22:25:21,87] Beendet (exit=1, #41) 
[14.05.2026 22:25:21,88] Neustart in 30s... 
[14.05.2026 22:25:51,41] --- Start #42 --- 
[14.05.2026 22:25:54,44] Beendet (exit=1, #42) 
[14.05.2026 22:25:54,52] Neustart in 30s... 
[14.05.2026 22:26:25,39] --- Start #43 --- 
[14.05.2026 22:26:27,39] Beendet (exit=1, #43) 
[14.05.2026 22:26:27,77] Neustart in 30s... 
[14.05.2026 22:26:58,30] --- Start #44 --- 
[14.05.2026 22:27:03,17] Beendet (exit=1, #44) 
[14.05.2026 22:27:03,25] Neustart in 30s... 
[14.05.2026 22:27:34,26] --- Start #45 --- 
[14.05.2026 22:27:34,70] Beendet (exit=1, #45) 
[14.05.2026 22:27:34,70] Neustart in 30s... 
[14.05.2026 22:28:04,22] --- Start #46 --- 
[14.05.2026 22:28:05,24] Beendet (exit=1, #46) 
[14.05.2026 22:28:05,24] Neustart in 30s... 
[14.05.2026 22:28:35,29] --- Start #47 --- 
[14.05.2026 22:28:35,77] Beendet (exit=1, #47) 
[14.05.2026 22:28:35,77] Neustart in 30s... 
[14.05.2026 22:29:05,38] --- Start #48 --- 
[14.05.2026 22:29:06,75] Beendet (exit=1, #48) 
[14.05.2026 22:29:06,76] Neustart in 30s... 
[14.05.2026 22:29:37,34] --- Start #49 --- 
[14.05.2026 22:29:40,42] Beendet (exit=1, #49) 
[14.05.2026 22:29:40,42] Neustart in 30s... 
[14.05.2026 22:30:10,39] --- Start #50 --- 
[14.05.2026 22:30:13,43] Beendet (exit=1, #50) 
[14.05.2026 22:30:13,43] Max Restarts - Pause 10 Min 
[14.05.2026 22:40:13,22] Neustart in 30s... 
[14.05.2026 22:40:43,48] --- Start #1 --- 
[14.05.2026 22:40:45,59] Beendet (exit=1, #1) 
[14.05.2026 22:40:45,59] Neustart in 30s... 
[14.05.2026 22:41:15,18] --- Start #2 --- 
[14.05.2026 22:41:16,51] Beendet (exit=1, #2) 
[14.05.2026 22:41:16,58] Neustart in 30s... 
[14.05.2026 22:41:46,21] --- Start #3 --- 
[14.05.2026 22:41:47,41] Beendet (exit=1, #3) 
[14.05.2026 22:41:47,41] Neustart in 30s... 
[14.05.2026 22:42:17,55] --- Start #4 --- 
[14.05.2026 22:42:20,78] Beendet (exit=1, #4) 
[14.05.2026 22:42:20,79] Neustart in 30s... 
[14.05.2026 22:42:51,27] --- Start #5 --- 
[14.05.2026 22:42:51,81] Beendet (exit=1, #5) 
[14.05.2026 22:42:51,81] Neustart in 30s... 
[14.05.2026 22:43:21,25] --- Start #6 --- 
[14.05.2026 22:43:23,93] Beendet (exit=1, #6) 
[14.05.2026 22:43:23,97] Neustart in 30s... 
[14.05.2026 22:43:54,20] --- Start #7 --- 
[14.05.2026 22:43:54,80] Beendet (exit=1, #7) 
[14.05.2026 22:43:54,80] Neustart in 30s... 
[14.05.2026 22:44:24,62] --- Start #8 --- 
[14.05.2026 22:44:27,85] Beendet (exit=1, #8) 
[14.05.2026 22:44:27,85] Neustart in 30s... 
[14.05.2026 22:44:58,44] --- Start #9 --- 
[14.05.2026 22:45:01,87] Beendet (exit=1, #9) 
[14.05.2026 22:45:01,88] Neustart in 30s... 
[14.05.2026 22:45:32,29] --- Start #10 --- 
[14.05.2026 22:45:35,40] Beendet (exit=1, #10) 
[14.05.2026 22:45:35,40] Neustart in 30s... 
[14.05.2026 22:46:06,31] --- Start #11 --- 
[14.05.2026 22:46:09,33] Beendet (exit=1, #11) 
[14.05.2026 22:46:09,42] Neustart in 30s... 
[14.05.2026 22:46:39,23] --- Start #12 --- 
[14.05.2026 22:46:39,78] Beendet (exit=1, #12) 
[14.05.2026 22:46:39,79] Neustart in 30s... 
[14.05.2026 22:47:09,52] --- Start #13 --- 
[14.05.2026 22:47:11,58] Beendet (exit=1, #13) 
[14.05.2026 22:47:11,58] Neustart in 30s... 
[14.05.2026 22:47:41,29] --- Start #14 --- 
[14.05.2026 22:47:42,30] Beendet (exit=1, #14) 
[14.05.2026 22:47:42,30] Neustart in 30s... 
[14.05.2026 22:48:12,34] --- Start #15 --- 
[14.05.2026 22:48:15,17] Beendet (exit=1, #15) 
[14.05.2026 22:48:15,17] Neustart in 30s... 
[14.05.2026 22:48:45,27] --- Start #16 --- 
[14.05.2026 22:48:47,72] Beendet (exit=1, #16) 
[14.05.2026 22:48:47,73] Neustart in 30s... 
[14.05.2026 22:49:17,29] --- Start #17 --- 
[14.05.2026 22:49:21,55] Beendet (exit=1, #17) 
[14.05.2026 22:49:22,15] Neustart in 30s... 
[14.05.2026 22:49:52,37] --- Start #18 --- 
[14.05.2026 22:49:53,55] Beendet (exit=1, #18) 
[14.05.2026 22:49:53,55] Neustart in 30s... 
[14.05.2026 22:50:23,22] --- Start #19 --- 
[14.05.2026 22:50:23,95] Beendet (exit=1, #19) 
[14.05.2026 22:50:23,95] Neustart in 30s... 
[14.05.2026 22:50:54,60] --- Start #20 --- 
[14.05.2026 22:50:57,18] Beendet (exit=1, #20) 
[14.05.2026 22:50:57,32] Neustart in 30s... 
[14.05.2026 22:51:27,35] --- Start #21 --- 
[14.05.2026 22:51:29,75] Beendet (exit=1, #21) 
[14.05.2026 22:51:29,75] Neustart in 30s... 
[14.05.2026 22:52:00,34] --- Start #22 --- 
[14.05.2026 22:52:02,38] Beendet (exit=1, #22) 
[14.05.2026 22:52:02,46] Neustart in 30s... 
[14.05.2026 22:52:32,70] --- Start #23 --- 
[14.05.2026 22:52:44,01] Beendet (exit=1, #23) 
[14.05.2026 22:52:44,16] Neustart in 30s... 
[14.05.2026 22:53:14,48] --- Start #24 --- 
[14.05.2026 22:53:18,46] Beendet (exit=1, #24) 
[14.05.2026 22:53:18,64] Neustart in 30s... 
[14.05.2026 22:53:49,22] --- Start #25 --- 
[14.05.2026 22:53:52,25] Beendet (exit=1, #25) 
[14.05.2026 22:53:52,33] Neustart in 30s... 
[14.05.2026 22:54:23,24] --- Start #26 --- 
[14.05.2026 22:54:25,04] Beendet (exit=1, #26) 
[14.05.2026 22:54:25,12] Neustart in 30s... 
[14.05.2026 22:54:55,19] --- Start #27 --- 
[14.05.2026 22:54:55,52] Beendet (exit=1, #27) 
[14.05.2026 22:54:55,52] Neustart in 30s... 
[14.05.2026 22:55:25,38] --- Start #28 --- 
[14.05.2026 22:55:26,03] Beendet (exit=1, #28) 
[14.05.2026 22:55:26,04] Neustart in 30s... 
[14.05.2026 22:55:56,22] --- Start #29 --- 
[14.05.2026 22:55:56,67] Beendet (exit=1, #29) 
[14.05.2026 22:55:56,67] Neustart in 30s... 
[14.05.2026 22:56:26,29] --- Start #30 --- 
[14.05.2026 22:56:26,61] Beendet (exit=1, #30) 
[14.05.2026 22:56:26,61] Neustart in 30s... 
[14.05.2026 22:56:56,26] --- Start #31 --- 
[14.05.2026 22:56:56,70] Beendet (exit=1, #31) 
[14.05.2026 22:56:56,70] Neustart in 30s... 
[14.05.2026 22:57:26,26] --- Start #32 --- 
[14.05.2026 22:57:26,94] Beendet (exit=1, #32) 
[14.05.2026 22:57:26,94] Neustart in 30s... 
[14.05.2026 22:57:57,24] --- Start #33 --- 
[14.05.2026 22:57:57,57] Beendet (exit=1, #33) 
[14.05.2026 22:57:57,57] Neustart in 30s... 
[14.05.2026 22:58:27,22] --- Start #34 --- 
[14.05.2026 22:58:27,56] Beendet (exit=1, #34) 
[14.05.2026 22:58:27,56] Neustart in 30s... 
[14.05.2026 22:58:57,21] --- Start #35 --- 
[14.05.2026 22:58:57,73] Beendet (exit=1, #35) 
[14.05.2026 22:58:57,73] Neustart in 30s... 
[14.05.2026 22:59:27,21] --- Start #36 --- 
[14.05.2026 22:59:27,60] Beendet (exit=1, #36) 
[14.05.2026 22:59:27,60] Neustart in 30s... 
[14.05.2026 22:59:57,24] --- Start #37 --- 
[14.05.2026 22:59:57,65] Beendet (exit=1, #37) 
[14.05.2026 22:59:57,65] Neustart in 30s... 
[14.05.2026 23:00:27,38] --- Start #38 --- 
[14.05.2026 23:00:28,37] Beendet (exit=1, #38) 
[14.05.2026 23:00:28,37] Neustart in 30s... 
[14.05.2026 23:00:58,48] --- Start #39 --- 
[14.05.2026 23:01:03,02] Beendet (exit=1, #39) 
[14.05.2026 23:01:03,03] Neustart in 30s... 
[14.05.2026 23:01:33,21] --- Start #40 --- 
[14.05.2026 23:01:34,13] Beendet (exit=1, #40) 
[14.05.2026 23:01:34,13] Neustart in 30s... 
[14.05.2026 23:02:04,38] --- Start #41 --- 
[14.05.2026 23:02:06,54] Beendet (exit=1, #41) 
[14.05.2026 23:02:06,80] Neustart in 30s... 
[14.05.2026 23:02:36,26] --- Start #42 --- 
[14.05.2026 23:02:43,92] Beendet (exit=1, #42) 
[14.05.2026 23:02:43,92] Neustart in 30s... 
[14.05.2026 23:03:14,44] --- Start #43 --- 
[14.05.2026 23:03:18,31] Beendet (exit=1, #43) 
[14.05.2026 23:03:18,31] Neustart in 30s... 
[14.05.2026 23:03:48,22] --- Start #44 --- 
[14.05.2026 23:03:49,12] Beendet (exit=1, #44) 
[14.05.2026 23:03:49,12] Neustart in 30s... 
[14.05.2026 23:04:19,27] --- Start #45 --- 
[14.05.2026 23:04:19,67] Beendet (exit=1, #45) 
[14.05.2026 23:04:19,74] Neustart in 30s... 
[14.05.2026 23:04:49,22] --- Start #46 --- 
[14.05.2026 23:04:49,84] Beendet (exit=1, #46) 
[14.05.2026 23:04:49,86] Neustart in 30s... 
[14.05.2026 23:05:19,26] --- Start #47 --- 
[14.05.2026 23:05:19,80] Beendet (exit=1, #47) 
[14.05.2026 23:05:19,80] Neustart in 30s... 
[14.05.2026 23:05:49,27] --- Start #48 --- 
[14.05.2026 23:05:49,69] Beendet (exit=1, #48) 
[14.05.2026 23:05:49,69] Neustart in 30s... 
[14.05.2026 23:06:19,31] --- Start #49 --- 
[14.05.2026 23:06:20,84] Beendet (exit=1, #49) 
[14.05.2026 23:06:20,84] Neustart in 30s... 
[14.05.2026 23:06:51,20] --- Start #50 --- 
[14.05.2026 23:06:51,91] Beendet (exit=1, #50) 
[14.05.2026 23:06:51,98] Max Restarts - Pause 10 Min 
[14.05.2026 23:16:52,19] Neustart in 30s... 
[14.05.2026 23:17:22,21] --- Start #1 --- 
[14.05.2026 23:17:22,70] Beendet (exit=1, #1) 
[14.05.2026 23:17:22,71] Neustart in 30s... 
[14.05.2026 23:17:52,34] --- Start #2 --- 
[14.05.2026 23:17:52,72] Beendet (exit=1, #2) 
[14.05.2026 23:17:52,72] Neustart in 30s... 
[14.05.2026 23:18:22,26] --- Start #3 --- 
[14.05.2026 23:18:22,78] Beendet (exit=1, #3) 
[14.05.2026 23:18:22,78] Neustart in 30s... 
[14.05.2026 23:18:52,28] --- Start #4 --- 
[14.05.2026 23:18:52,77] Beendet (exit=1, #4) 
[14.05.2026 23:18:52,77] Neustart in 30s... 
[14.05.2026 23:19:22,22] --- Start #5 --- 
[14.05.2026 23:19:23,26] Beendet (exit=1, #5) 
[14.05.2026 23:19:23,26] Neustart in 30s... 
[14.05.2026 23:19:53,24] --- Start #6 --- 
[14.05.2026 23:19:53,56] Beendet (exit=1, #6) 
[14.05.2026 23:19:53,56] Neustart in 30s... 
[14.05.2026 23:20:23,28] --- Start #7 --- 
[14.05.2026 23:20:23,80] Beendet (exit=1, #7) 
[14.05.2026 23:20:23,80] Neustart in 30s... 
[14.05.2026 23:20:53,27] --- Start #8 --- 
[14.05.2026 23:20:53,75] Beendet (exit=1, #8) 
[14.05.2026 23:20:53,76] Neustart in 30s... 
[14.05.2026 23:21:23,25] --- Start #9 --- 
[14.05.2026 23:21:23,60] Beendet (exit=1, #9) 
[14.05.2026 23:21:23,61] Neustart in 30s... 
[14.05.2026 23:21:53,23] --- Start #10 --- 
[14.05.2026 23:21:53,95] Beendet (exit=1, #10) 
[14.05.2026 23:21:53,95] Neustart in 30s... 
[14.05.2026 23:22:24,24] --- Start #11 --- 
[14.05.2026 23:22:25,24] Beendet (exit=1, #11) 
[14.05.2026 23:22:25,24] Neustart in 30s... 
[14.05.2026 23:22:55,24] --- Start #12 --- 
[14.05.2026 23:22:55,61] Beendet (exit=1, #12) 
[14.05.2026 23:22:55,61] Neustart in 30s... 
[14.05.2026 23:23:25,20] --- Start #13 --- 
[14.05.2026 23:23:25,83] Beendet (exit=1, #13) 
[14.05.2026 23:23:25,83] Neustart in 30s... 
[14.05.2026 23:23:55,39] --- Start #14 --- 
[14.05.2026 23:23:56,10] Beendet (exit=1, #14) 
[14.05.2026 23:23:56,10] Neustart in 30s... 
[14.05.2026 23:24:26,23] --- Start #15 --- 
[14.05.2026 23:24:27,13] Beendet (exit=1, #15) 
[14.05.2026 23:24:27,13] Neustart in 30s... 
[14.05.2026 23:24:57,23] --- Start #16 --- 
[14.05.2026 23:24:57,60] Beendet (exit=1, #16) 
[14.05.2026 23:24:57,60] Neustart in 30s... 
[14.05.2026 23:25:27,20] --- Start #17 --- 
[14.05.2026 23:25:27,71] Beendet (exit=1, #17) 
[14.05.2026 23:25:27,71] Neustart in 30s... 
[14.05.2026 23:25:57,20] --- Start #18 --- 
[14.05.2026 23:25:57,69] Beendet (exit=1, #18) 
[14.05.2026 23:25:57,69] Neustart in 30s... 
[14.05.2026 23:26:27,28] --- Start #19 --- 
[14.05.2026 23:26:27,65] Beendet (exit=1, #19) 
[14.05.2026 23:26:27,66] Neustart in 30s... 
[14.05.2026 23:26:57,21] --- Start #20 --- 
[14.05.2026 23:26:57,73] Beendet (exit=1, #20) 
[14.05.2026 23:26:57,73] Neustart in 30s... 
[14.05.2026 23:27:27,26] --- Start #21 --- 
[14.05.2026 23:27:27,58] Beendet (exit=1, #21) 
[14.05.2026 23:27:27,58] Neustart in 30s... 
[14.05.2026 23:27:57,22] --- Start #22 --- 
[14.05.2026 23:27:57,75] Beendet (exit=1, #22) 
[14.05.2026 23:27:57,75] Neustart in 30s... 
[14.05.2026 23:28:27,32] --- Start #23 --- 
[14.05.2026 23:28:28,98] Beendet (exit=1, #23) 
[14.05.2026 23:28:28,99] Neustart in 30s... 
[14.05.2026 23:28:59,37] --- Start #24 --- 
[14.05.2026 23:29:01,06] Beendet (exit=1, #24) 
[14.05.2026 23:29:01,06] Neustart in 30s... 
[14.05.2026 23:29:31,23] --- Start #25 --- 
[14.05.2026 23:29:31,64] Beendet (exit=1, #25) 
[14.05.2026 23:29:31,65] Neustart in 30s... 
[14.05.2026 23:30:01,18] --- Start #26 --- 
[14.05.2026 23:30:02,01] Beendet (exit=1, #26) 
[14.05.2026 23:30:02,01] Neustart in 30s... 
[14.05.2026 23:30:32,36] --- Start #27 --- 
[14.05.2026 23:30:32,80] Beendet (exit=1, #27) 
[14.05.2026 23:30:32,80] Neustart in 30s... 
[14.05.2026 23:31:02,20] --- Start #28 --- 
[14.05.2026 23:31:02,74] Beendet (exit=1, #28) 
[14.05.2026 23:31:02,79] Neustart in 30s... 
[14.05.2026 23:31:32,26] --- Start #29 --- 
[14.05.2026 23:31:32,63] Beendet (exit=1, #29) 
[14.05.2026 23:31:32,63] Neustart in 30s... 
[14.05.2026 23:32:02,26] --- Start #30 --- 
[14.05.2026 23:32:02,88] Beendet (exit=1, #30) 
[14.05.2026 23:32:02,96] Neustart in 30s... 
[14.05.2026 23:32:33,21] --- Start #31 --- 
[14.05.2026 23:32:33,71] Beendet (exit=1, #31) 
[14.05.2026 23:32:33,72] Neustart in 30s... 
[14.05.2026 23:33:03,28] --- Start #32 --- 
[14.05.2026 23:33:03,65] Beendet (exit=1, #32) 
[14.05.2026 23:33:03,66] Neustart in 30s... 
[14.05.2026 23:33:33,20] --- Start #33 --- 
[14.05.2026 23:33:34,48] Beendet (exit=1, #33) 
[14.05.2026 23:33:34,48] Neustart in 30s... 
[14.05.2026 23:34:04,24] --- Start #34 --- 
[14.05.2026 23:34:04,61] Beendet (exit=1, #34) 
[14.05.2026 23:34:04,61] Neustart in 30s... 
[14.05.2026 23:34:34,25] --- Start #35 --- 
[14.05.2026 23:34:34,74] Beendet (exit=1, #35) 
[14.05.2026 23:34:34,74] Neustart in 30s... 
[14.05.2026 23:35:04,26] --- Start #36 --- 
[14.05.2026 23:35:04,70] Beendet (exit=1, #36) 
[14.05.2026 23:35:04,70] Neustart in 30s... 
[14.05.2026 23:35:34,27] --- Start #37 --- 
[14.05.2026 23:35:34,66] Beendet (exit=1, #37) 
[14.05.2026 23:35:34,66] Neustart in 30s... 
[14.05.2026 23:36:04,22] --- Start #38 --- 
[14.05.2026 23:36:05,28] Beendet (exit=1, #38) 
[14.05.2026 23:36:05,29] Neustart in 30s... 
[14.05.2026 23:36:35,26] --- Start #39 --- 
[14.05.2026 23:36:35,74] Beendet (exit=1, #39) 
[14.05.2026 23:36:35,74] Neustart in 30s... 
[14.05.2026 23:37:05,84] --- Start #40 --- 
[14.05.2026 23:37:20,27] Beendet (exit=1, #40) 
[14.05.2026 23:37:20,84] Neustart in 30s... 
[14.05.2026 23:37:51,32] --- Start #41 --- 
[14.05.2026 23:37:52,41] Beendet (exit=1, #41) 
[14.05.2026 23:37:52,41] Neustart in 30s... 
[14.05.2026 23:38:22,33] --- Start #42 --- 
[14.05.2026 23:38:28,14] Beendet (exit=1, #42) 
[14.05.2026 23:38:28,14] Neustart in 30s... 
[14.05.2026 23:38:58,34] --- Start #43 --- 
[14.05.2026 23:39:04,26] Beendet (exit=1, #43) 
[14.05.2026 23:39:04,26] Neustart in 30s... 
[14.05.2026 23:39:34,18] --- Start #44 --- 
[14.05.2026 23:39:36,62] Beendet (exit=1, #44) 
[14.05.2026 23:39:36,73] Neustart in 30s... 
[14.05.2026 23:40:07,35] --- Start #45 --- 
[14.05.2026 23:40:09,14] Beendet (exit=1, #45) 
[14.05.2026 23:40:09,25] Neustart in 30s... 
[14.05.2026 23:40:40,26] --- Start #46 --- 
[14.05.2026 23:40:41,70] Beendet (exit=1, #46) 
[14.05.2026 23:40:41,71] Neustart in 30s... 
[14.05.2026 23:41:11,37] --- Start #47 --- 
[14.05.2026 23:41:13,87] Beendet (exit=1, #47) 
[14.05.2026 23:41:13,93] Neustart in 30s... 
[14.05.2026 23:41:44,30] --- Start #48 --- 
[14.05.2026 23:41:44,93] Beendet (exit=1, #48) 
[14.05.2026 23:41:44,93] Neustart in 30s... 
[14.05.2026 23:42:15,34] --- Start #49 --- 
[14.05.2026 23:42:19,57] Beendet (exit=1, #49) 
[14.05.2026 23:42:19,63] Neustart in 30s... 
[14.05.2026 23:42:50,30] --- Start #50 --- 
[14.05.2026 23:42:51,22] Beendet (exit=1, #50) 
[14.05.2026 23:42:51,22] Max Restarts - Pause 10 Min 
[14.05.2026 23:52:51,24] Neustart in 30s... 
[14.05.2026 23:53:21,32] --- Start #1 --- 
[14.05.2026 23:53:21,71] Beendet (exit=1, #1) 
[14.05.2026 23:53:21,72] Neustart in 30s... 
[14.05.2026 23:53:51,43] --- Start #2 --- 
[14.05.2026 23:53:52,50] Beendet (exit=1, #2) 
[14.05.2026 23:53:52,50] Neustart in 30s... 
[14.05.2026 23:54:22,48] --- Start #3 --- 
[14.05.2026 23:54:23,57] Beendet (exit=1, #3) 
[14.05.2026 23:54:23,58] Neustart in 30s... 
[14.05.2026 23:54:53,24] --- Start #4 --- 
[14.05.2026 23:54:53,82] Beendet (exit=1, #4) 
[14.05.2026 23:54:53,82] Neustart in 30s... 
[14.05.2026 23:55:23,20] --- Start #5 --- 
[14.05.2026 23:55:24,70] Beendet (exit=1, #5) 
[14.05.2026 23:55:24,70] Neustart in 30s... 
[14.05.2026 23:55:54,30] --- Start #6 --- 
[14.05.2026 23:55:54,71] Beendet (exit=1, #6) 
[14.05.2026 23:55:54,71] Neustart in 30s... 
[14.05.2026 23:56:24,23] --- Start #7 --- 
[14.05.2026 23:56:24,65] Beendet (exit=1, #7) 
[14.05.2026 23:56:24,65] Neustart in 30s... 
[14.05.2026 23:56:54,26] --- Start #8 --- 
[14.05.2026 23:56:54,61] Beendet (exit=1, #8) 
[14.05.2026 23:56:54,61] Neustart in 30s... 
[14.05.2026 23:57:24,22] --- Start #9 --- 
[14.05.2026 23:57:24,65] Beendet (exit=1, #9) 
[14.05.2026 23:57:24,66] Neustart in 30s... 
[14.05.2026 23:57:54,25] --- Start #10 --- 
[14.05.2026 23:57:56,29] Beendet (exit=1, #10) 
[14.05.2026 23:57:56,29] Neustart in 30s... 
[14.05.2026 23:58:26,23] --- Start #11 --- 
[14.05.2026 23:58:26,76] Beendet (exit=1, #11) 
[14.05.2026 23:58:26,76] Neustart in 30s... 
[14.05.2026 23:58:56,23] --- Start #12 --- 
[14.05.2026 23:58:56,60] Beendet (exit=1, #12) 
[14.05.2026 23:58:56,60] Neustart in 30s... 
[14.05.2026 23:59:26,23] --- Start #13 --- 
[14.05.2026 23:59:26,64] Beendet (exit=1, #13) 
[14.05.2026 23:59:26,64] Neustart in 30s... 
[14.05.2026 23:59:56,19] --- Start #14 --- 
[14.05.2026 23:59:56,75] Beendet (exit=1, #14) 
[14.05.2026 23:59:56,75] Neustart in 30s... 
[15.05.2026  0:00:26,38] --- Start #15 --- 
[15.05.2026  0:00:26,97] Beendet (exit=1, #15) 
[15.05.2026  0:00:26,98] Neustart in 30s... 
[15.05.2026  0:00:57,22] --- Start #16 --- 
[15.05.2026  0:00:58,26] Beendet (exit=1, #16) 
[15.05.2026  0:00:58,27] Neustart in 30s... 
[15.05.2026  0:01:28,39] --- Start #17 --- 
[15.05.2026  0:01:29,61] Beendet (exit=1, #17) 
[15.05.2026  0:01:29,62] Neustart in 30s... 
[15.05.2026  0:01:59,24] --- Start #18 --- 
[15.05.2026  0:02:00,00] Beendet (exit=1, #18) 
[15.05.2026  0:02:00,01] Neustart in 30s... 
[15.05.2026  0:02:30,26] --- Start #19 --- 
[15.05.2026  0:02:32,40] Beendet (exit=1, #19) 
[15.05.2026  0:02:32,40] Neustart in 30s... 
[15.05.2026  0:03:02,46] --- Start #20 --- 
[15.05.2026  0:03:05,24] Beendet (exit=1, #20) 
[15.05.2026  0:03:05,24] Neustart in 30s... 
[15.05.2026  0:03:35,21] --- Start #21 --- 
[15.05.2026  0:03:36,09] Beendet (exit=1, #21) 
[15.05.2026  0:03:36,16] Neustart in 30s... 
[15.05.2026  0:04:06,20] --- Start #22 --- 
[15.05.2026  0:04:06,75] Beendet (exit=1, #22) 
[15.05.2026  0:04:06,76] Neustart in 30s... 
[15.05.2026  0:04:36,34] --- Start #23 --- 
[15.05.2026  0:04:36,82] Beendet (exit=1, #23) 
[15.05.2026  0:04:36,83] Neustart in 30s... 
[15.05.2026  0:05:06,37] --- Start #24 --- 
[15.05.2026  0:05:07,62] Beendet (exit=1, #24) 
[15.05.2026  0:05:07,62] Neustart in 30s... 
[15.05.2026  0:05:37,20] --- Start #25 --- 
[15.05.2026  0:05:37,93] Beendet (exit=1, #25) 
[15.05.2026  0:05:37,93] Neustart in 30s... 
[15.05.2026  0:06:08,27] --- Start #26 --- 
[15.05.2026  0:06:08,94] Beendet (exit=1, #26) 
[15.05.2026  0:06:08,94] Neustart in 30s... 
[15.05.2026  0:06:39,23] --- Start #27 --- 
[15.05.2026  0:06:39,68] Beendet (exit=1, #27) 
[15.05.2026  0:06:39,68] Neustart in 30s... 
[15.05.2026  0:07:09,20] --- Start #28 --- 
[15.05.2026  0:07:09,63] Beendet (exit=1, #28) 
[15.05.2026  0:07:09,63] Neustart in 30s... 
[15.05.2026  0:07:39,25] --- Start #29 --- 
[15.05.2026  0:07:40,44] Beendet (exit=1, #29) 
[15.05.2026  0:07:40,52] Neustart in 30s... 
[15.05.2026  0:08:10,23] --- Start #30 --- 
[15.05.2026  0:08:10,63] Beendet (exit=1, #30) 
[15.05.2026  0:08:10,63] Neustart in 30s... 
[15.05.2026  0:08:40,29] --- Start #31 --- 
[15.05.2026  0:08:41,48] Beendet (exit=1, #31) 
[15.05.2026  0:08:41,48] Neustart in 30s... 
[15.05.2026  0:09:11,23] --- Start #32 --- 
[15.05.2026  0:09:12,29] Beendet (exit=1, #32) 
[15.05.2026  0:09:12,30] Neustart in 30s... 
[15.05.2026  0:09:42,22] --- Start #33 --- 
[15.05.2026  0:09:43,88] Beendet (exit=1, #33) 
[15.05.2026  0:09:43,88] Neustart in 30s... 
[15.05.2026  0:10:14,21] --- Start #34 --- 
[15.05.2026  0:10:14,62] Beendet (exit=1, #34) 
[15.05.2026  0:10:14,63] Neustart in 30s... 
[15.05.2026  0:10:44,29] --- Start #35 --- 
[15.05.2026  0:10:44,73] Beendet (exit=1, #35) 
[15.05.2026  0:10:44,73] Neustart in 30s... 
[15.05.2026  0:11:14,27] --- Start #36 --- 
[15.05.2026  0:11:14,69] Beendet (exit=1, #36) 
[15.05.2026  0:11:14,69] Neustart in 30s... 
[15.05.2026  0:11:44,22] --- Start #37 --- 
[15.05.2026  0:11:44,67] Beendet (exit=1, #37) 
[15.05.2026  0:11:44,67] Neustart in 30s... 
[15.05.2026  0:12:14,31] --- Start #38 --- 
[15.05.2026  0:12:14,70] Beendet (exit=1, #38) 
[15.05.2026  0:12:14,70] Neustart in 30s... 
[15.05.2026  0:12:44,23] --- Start #39 --- 
[15.05.2026  0:12:44,73] Beendet (exit=1, #39) 
[15.05.2026  0:12:44,74] Neustart in 30s... 
[15.05.2026  0:13:14,26] --- Start #40 --- 
[15.05.2026  0:13:15,30] Beendet (exit=1, #40) 
[15.05.2026  0:13:15,30] Neustart in 30s... 
[15.05.2026  0:13:45,24] --- Start #41 --- 
[15.05.2026  0:13:45,81] Beendet (exit=1, #41) 
[15.05.2026  0:13:45,82] Neustart in 30s... 
[15.05.2026  0:14:15,28] --- Start #42 --- 
[15.05.2026  0:14:16,61] Beendet (exit=1, #42) 
[15.05.2026  0:14:16,62] Neustart in 30s... 
[15.05.2026  0:14:46,34] --- Start #43 --- 
[15.05.2026  0:14:46,89] Beendet (exit=1, #43) 
[15.05.2026  0:14:46,89] Neustart in 30s... 
[15.05.2026  0:15:17,19] --- Start #44 --- 
[15.05.2026  0:15:17,83] Beendet (exit=1, #44) 
[15.05.2026  0:15:17,83] Neustart in 30s... 
[15.05.2026  0:15:47,21] --- Start #45 --- 
[15.05.2026  0:15:47,64] Beendet (exit=1, #45) 
[15.05.2026  0:15:47,64] Neustart in 30s... 
[15.05.2026  0:16:17,29] --- Start #46 --- 
[15.05.2026  0:16:18,41] Beendet (exit=1, #46) 
[15.05.2026  0:16:18,45] Neustart in 30s... 
[15.05.2026  0:16:48,20] --- Start #47 --- 
[15.05.2026  0:16:48,62] Beendet (exit=1, #47) 
[15.05.2026  0:16:48,62] Neustart in 30s... 
[15.05.2026  0:17:18,18] --- Start #48 --- 
[15.05.2026  0:17:18,62] Beendet (exit=1, #48) 
[15.05.2026  0:17:18,62] Neustart in 30s... 
[15.05.2026  0:17:48,19] --- Start #49 --- 
[15.05.2026  0:17:48,61] Beendet (exit=1, #49) 
[15.05.2026  0:17:48,61] Neustart in 30s... 
[15.05.2026  0:18:18,24] --- Start #50 --- 
[15.05.2026  0:18:18,67] Beendet (exit=1, #50) 
[15.05.2026  0:18:18,67] Max Restarts - Pause 10 Min 
[15.05.2026  0:28:18,33] Neustart in 30s... 
[15.05.2026  0:28:48,35] --- Start #1 --- 
[15.05.2026  0:28:48,95] Beendet (exit=1, #1) 
[15.05.2026  0:28:48,95] Neustart in 30s... 
[15.05.2026  0:29:19,21] --- Start #2 --- 
[15.05.2026  0:29:22,25] Beendet (exit=1, #2) 
[15.05.2026  0:29:22,26] Neustart in 30s... 
[15.05.2026  0:29:52,24] --- Start #3 --- 
[15.05.2026  0:29:52,62] Beendet (exit=1, #3) 
[15.05.2026  0:29:52,62] Neustart in 30s... 
[15.05.2026  0:30:22,27] --- Start #4 --- 
[15.05.2026  0:30:22,81] Beendet (exit=1, #4) 
[15.05.2026  0:30:22,81] Neustart in 30s... 
[15.05.2026  0:30:52,20] --- Start #5 --- 
[15.05.2026  0:30:52,76] Beendet (exit=1, #5) 
[15.05.2026  0:30:52,77] Neustart in 30s... 
[15.05.2026  0:31:22,20] --- Start #6 --- 
[15.05.2026  0:31:22,61] Beendet (exit=1, #6) 
[15.05.2026  0:31:22,61] Neustart in 30s... 
[15.05.2026  0:31:52,33] --- Start #7 --- 
[15.05.2026  0:31:52,91] Beendet (exit=1, #7) 
[15.05.2026  0:31:52,91] Neustart in 30s... 
[15.05.2026  0:32:23,49] --- Start #8 --- 
[15.05.2026  0:32:25,27] Beendet (exit=1, #8) 
[15.05.2026  0:32:25,28] Neustart in 30s... 
[15.05.2026  0:32:55,24] --- Start #9 --- 
[15.05.2026  0:32:55,79] Beendet (exit=1, #9) 
[15.05.2026  0:32:55,79] Neustart in 30s... 
[15.05.2026  0:33:25,29] --- Start #10 --- 
[15.05.2026  0:33:25,97] Beendet (exit=1, #10) 
[15.05.2026  0:33:25,98] Neustart in 30s... 
[15.05.2026  0:33:56,23] --- Start #11 --- 
[15.05.2026  0:33:56,54] Beendet (exit=1, #11) 
[15.05.2026  0:33:56,54] Neustart in 30s... 
[15.05.2026  0:34:26,23] --- Start #12 --- 
[15.05.2026  0:34:26,81] Beendet (exit=1, #12) 
[15.05.2026  0:34:26,81] Neustart in 30s... 
[15.05.2026  0:34:56,23] --- Start #13 --- 
[15.05.2026  0:34:56,90] Beendet (exit=1, #13) 
[15.05.2026  0:34:56,90] Neustart in 30s... 
[15.05.2026  0:35:26,29] --- Start #14 --- 
[15.05.2026  0:35:26,86] Beendet (exit=1, #14) 
[15.05.2026  0:35:26,86] Neustart in 30s... 
[15.05.2026  0:35:56,22] --- Start #15 --- 
[15.05.2026  0:35:56,59] Beendet (exit=1, #15) 
[15.05.2026  0:35:56,59] Neustart in 30s... 
[15.05.2026  0:36:26,20] --- Start #16 --- 
[15.05.2026  0:36:26,97] Beendet (exit=1, #16) 
[15.05.2026  0:36:26,98] Neustart in 30s... 
[15.05.2026  0:36:57,86] --- Start #17 --- 
[15.05.2026  0:37:14,74] Beendet (exit=1, #17) 
[15.05.2026  0:37:14,91] Neustart in 30s... 
[15.05.2026  0:37:45,21] --- Start #18 --- 
[15.05.2026  0:37:47,15] Beendet (exit=1, #18) 
[15.05.2026  0:37:47,21] Neustart in 30s... 
[15.05.2026  0:38:17,42] --- Start #19 --- 
[15.05.2026  0:38:24,23] Beendet (exit=1, #19) 
[15.05.2026  0:38:24,30] Neustart in 30s... 
[15.05.2026  0:38:54,32] --- Start #20 --- 
[15.05.2026  0:38:58,78] Beendet (exit=1, #20) 
[15.05.2026  0:38:58,78] Neustart in 30s... 
[15.05.2026  0:39:29,22] --- Start #21 --- 
[15.05.2026  0:39:30,53] Beendet (exit=1, #21) 
[15.05.2026  0:39:30,54] Neustart in 30s... 
[15.05.2026  0:40:00,32] --- Start #22 --- 
[15.05.2026  0:40:01,98] Beendet (exit=1, #22) 
[15.05.2026  0:40:01,98] Neustart in 30s... 
[15.05.2026  0:40:32,33] --- Start #23 --- 
[15.05.2026  0:40:34,10] Beendet (exit=1, #23) 
[15.05.2026  0:40:34,11] Neustart in 30s... 
[15.05.2026  0:41:04,24] --- Start #24 --- 
[15.05.2026  0:41:05,04] Beendet (exit=1, #24) 
[15.05.2026  0:41:05,13] Neustart in 30s... 
[15.05.2026  0:41:35,25] --- Start #25 --- 
[15.05.2026  0:41:36,64] Beendet (exit=1, #25) 
[15.05.2026  0:41:36,64] Neustart in 30s... 
[15.05.2026  0:42:06,23] --- Start #26 --- 
[15.05.2026  0:42:06,62] Beendet (exit=1, #26) 
[15.05.2026  0:42:06,63] Neustart in 30s... 
[15.05.2026  0:42:36,38] --- Start #27 --- 
[15.05.2026  0:42:36,76] Beendet (exit=1, #27) 
[15.05.2026  0:42:36,77] Neustart in 30s... 
[15.05.2026  0:43:06,21] --- Start #28 --- 
[15.05.2026  0:43:06,64] Beendet (exit=1, #28) 
[15.05.2026  0:43:06,70] Neustart in 30s... 
[15.05.2026  0:43:36,25] --- Start #29 --- 
[15.05.2026  0:43:36,66] Beendet (exit=1, #29) 
[15.05.2026  0:43:36,66] Neustart in 30s... 
[15.05.2026  0:44:06,27] --- Start #30 --- 
[15.05.2026  0:44:08,72] Beendet (exit=1, #30) 
[15.05.2026  0:44:08,72] Neustart in 30s... 
[15.05.2026  0:44:39,32] --- Start #31 --- 
[15.05.2026  0:44:43,44] Beendet (exit=1, #31) 
[15.05.2026  0:44:43,47] Neustart in 30s... 
[15.05.2026  0:45:13,24] --- Start #32 --- 
[15.05.2026  0:45:13,59] Beendet (exit=1, #32) 
[15.05.2026  0:45:13,59] Neustart in 30s... 
[15.05.2026  0:45:43,32] --- Start #33 --- 
[15.05.2026  0:45:45,52] Beendet (exit=1, #33) 
[15.05.2026  0:45:45,53] Neustart in 30s... 
[15.05.2026  0:46:15,24] --- Start #34 --- 
[15.05.2026  0:46:15,85] Beendet (exit=1, #34) 
[15.05.2026  0:46:15,85] Neustart in 30s... 
[15.05.2026  0:46:46,22] --- Start #35 --- 
[15.05.2026  0:46:46,74] Beendet (exit=1, #35) 
[15.05.2026  0:46:46,75] Neustart in 30s... 
[15.05.2026  0:47:16,29] --- Start #36 --- 
[15.05.2026  0:47:19,39] Beendet (exit=1, #36) 
[15.05.2026  0:47:19,46] Neustart in 30s... 
[15.05.2026  0:47:49,34] --- Start #37 --- 
[15.05.2026  0:47:52,59] Beendet (exit=1, #37) 
[15.05.2026  0:47:52,59] Neustart in 30s... 
[15.05.2026  0:48:22,20] --- Start #38 --- 
[15.05.2026  0:48:24,25] Beendet (exit=1, #38) 
[15.05.2026  0:48:24,25] Neustart in 30s... 
[15.05.2026  0:48:54,51] --- Start #39 --- 
[15.05.2026  0:49:00,20] Beendet (exit=1, #39) 
[15.05.2026  0:49:00,28] Neustart in 30s... 
[15.05.2026  0:49:30,36] --- Start #40 --- 
[15.05.2026  0:49:30,94] Beendet (exit=1, #40) 
[15.05.2026  0:49:31,01] Neustart in 30s... 
[15.05.2026  0:50:01,32] --- Start #41 --- 
[15.05.2026  0:50:07,74] Beendet (exit=1, #41) 
[15.05.2026  0:50:08,00] Neustart in 30s... 
[15.05.2026  0:50:38,14] --- Start #42 --- 
[15.05.2026  0:50:38,63] Beendet (exit=1, #42) 
[15.05.2026  0:50:38,63] Neustart in 30s... 
[15.05.2026  0:51:08,27] --- Start #43 --- 
[15.05.2026  0:51:10,49] Beendet (exit=1, #43) 
[15.05.2026  0:51:10,56] Neustart in 30s... 
[15.05.2026  0:51:40,24] --- Start #44 --- 
[15.05.2026  0:51:41,20] Beendet (exit=1, #44) 
[15.05.2026  0:51:41,21] Neustart in 30s... 
[15.05.2026  0:52:11,38] --- Start #45 --- 
[15.05.2026  0:52:13,00] Beendet (exit=1, #45) 
[15.05.2026  0:52:13,00] Neustart in 30s... 
[15.05.2026  0:52:43,46] --- Start #46 --- 
[15.05.2026  0:52:43,97] Beendet (exit=1, #46) 
[15.05.2026  0:52:43,98] Neustart in 30s... 
[15.05.2026  0:53:14,27] --- Start #47 --- 
[15.05.2026  0:53:17,38] Beendet (exit=1, #47) 
[15.05.2026  0:53:17,44] Neustart in 30s... 
[15.05.2026  0:53:47,34] --- Start #48 --- 
[15.05.2026  0:53:48,14] Beendet (exit=1, #48) 
[15.05.2026  0:53:48,14] Neustart in 30s... 
[15.05.2026  0:54:18,20] --- Start #49 --- 
[15.05.2026  0:54:18,76] Beendet (exit=1, #49) 
[15.05.2026  0:54:18,76] Neustart in 30s... 
[15.05.2026  0:54:48,28] --- Start #50 --- 
[15.05.2026  0:54:48,81] Beendet (exit=1, #50) 
[15.05.2026  0:54:48,81] Max Restarts - Pause 10 Min 
[15.05.2026  1:04:49,32] Neustart in 30s... 
[15.05.2026  1:05:19,26] --- Start #1 --- 
[15.05.2026  1:05:19,72] Beendet (exit=1, #1) 
[15.05.2026  1:05:19,72] Neustart in 30s... 
[15.05.2026  1:05:49,26] --- Start #2 --- 
[15.05.2026  1:05:49,71] Beendet (exit=1, #2) 
[15.05.2026  1:05:49,71] Neustart in 30s... 
[15.05.2026  1:06:19,23] --- Start #3 --- 
[15.05.2026  1:06:19,54] Beendet (exit=1, #3) 
[15.05.2026  1:06:19,54] Neustart in 30s... 
[15.05.2026  1:06:49,20] --- Start #4 --- 
[15.05.2026  1:06:49,57] Beendet (exit=1, #4) 
[15.05.2026  1:06:49,57] Neustart in 30s... 
[15.05.2026  1:07:19,22] --- Start #5 --- 
[15.05.2026  1:07:19,53] Beendet (exit=1, #5) 
[15.05.2026  1:07:19,53] Neustart in 30s... 
[15.05.2026  1:07:49,20] --- Start #6 --- 
[15.05.2026  1:07:49,63] Beendet (exit=1, #6) 
[15.05.2026  1:07:49,69] Neustart in 30s... 
[15.05.2026  1:08:19,19] --- Start #7 --- 
[15.05.2026  1:08:19,63] Beendet (exit=1, #7) 
[15.05.2026  1:08:19,64] Neustart in 30s... 
[15.05.2026  1:08:49,17] --- Start #8 --- 
[15.05.2026  1:08:49,57] Beendet (exit=1, #8) 
[15.05.2026  1:08:49,57] Neustart in 30s... 
[15.05.2026  1:09:19,25] --- Start #9 --- 
[15.05.2026  1:09:20,32] Beendet (exit=1, #9) 
[15.05.2026  1:09:20,33] Neustart in 30s... 
[15.05.2026  1:09:50,22] --- Start #10 --- 
[15.05.2026  1:09:50,73] Beendet (exit=1, #10) 
[15.05.2026  1:09:50,73] Neustart in 30s... 
[15.05.2026  1:10:20,23] --- Start #11 --- 
[15.05.2026  1:10:20,53] Beendet (exit=1, #11) 
[15.05.2026  1:10:20,53] Neustart in 30s... 
[15.05.2026  1:10:50,25] --- Start #12 --- 
[15.05.2026  1:10:50,61] Beendet (exit=1, #12) 
[15.05.2026  1:10:50,68] Neustart in 30s... 
[15.05.2026  1:11:20,22] --- Start #13 --- 
[15.05.2026  1:11:20,63] Beendet (exit=1, #13) 
[15.05.2026  1:11:20,63] Neustart in 30s... 
[15.05.2026  1:11:50,26] --- Start #14 --- 
[15.05.2026  1:11:50,61] Beendet (exit=1, #14) 
[15.05.2026  1:11:50,61] Neustart in 30s... 
[15.05.2026  1:12:20,20] --- Start #15 --- 
[15.05.2026  1:12:20,57] Beendet (exit=1, #15) 
[15.05.2026  1:12:20,58] Neustart in 30s... 
[15.05.2026  1:12:50,50] --- Start #16 --- 
[15.05.2026  1:12:50,98] Beendet (exit=1, #16) 
[15.05.2026  1:12:50,98] Neustart in 30s... 
[15.05.2026  1:13:21,23] --- Start #17 --- 
[15.05.2026  1:13:21,58] Beendet (exit=1, #17) 
[15.05.2026  1:13:21,58] Neustart in 30s... 
[15.05.2026  1:13:51,22] --- Start #18 --- 
[15.05.2026  1:13:51,70] Beendet (exit=1, #18) 
[15.05.2026  1:13:51,70] Neustart in 30s... 
[15.05.2026  1:14:21,21] --- Start #19 --- 
[15.05.2026  1:14:21,70] Beendet (exit=1, #19) 
[15.05.2026  1:14:21,70] Neustart in 30s... 
[15.05.2026  1:14:51,18] --- Start #20 --- 
[15.05.2026  1:14:51,66] Beendet (exit=1, #20) 
[15.05.2026  1:14:51,66] Neustart in 30s... 
[15.05.2026  1:15:21,25] --- Start #21 --- 
[15.05.2026  1:15:21,64] Beendet (exit=1, #21) 
[15.05.2026  1:15:21,64] Neustart in 30s... 
[15.05.2026  1:15:51,20] --- Start #22 --- 
[15.05.2026  1:15:51,57] Beendet (exit=1, #22) 
[15.05.2026  1:15:51,57] Neustart in 30s... 
[15.05.2026  1:16:21,24] --- Start #23 --- 
[15.05.2026  1:16:21,60] Beendet (exit=1, #23) 
[15.05.2026  1:16:21,61] Neustart in 30s... 
[15.05.2026  1:16:51,24] --- Start #24 --- 
[15.05.2026  1:16:51,59] Beendet (exit=1, #24) 
[15.05.2026  1:16:51,59] Neustart in 30s... 
[15.05.2026  1:17:21,24] --- Start #25 --- 
[15.05.2026  1:17:21,54] Beendet (exit=1, #25) 
[15.05.2026  1:17:21,54] Neustart in 30s... 
[15.05.2026  1:17:51,22] --- Start #26 --- 
[15.05.2026  1:17:51,59] Beendet (exit=1, #26) 
[15.05.2026  1:17:51,59] Neustart in 30s... 
[15.05.2026  1:18:21,24] --- Start #27 --- 
[15.05.2026  1:18:21,72] Beendet (exit=1, #27) 
[15.05.2026  1:18:21,72] Neustart in 30s... 
[15.05.2026  1:18:51,22] --- Start #28 --- 
[15.05.2026  1:18:51,59] Beendet (exit=1, #28) 
[15.05.2026  1:18:51,59] Neustart in 30s... 
[15.05.2026  1:19:21,28] --- Start #29 --- 
[15.05.2026  1:19:21,63] Beendet (exit=1, #29) 
[15.05.2026  1:19:21,63] Neustart in 30s... 
[15.05.2026  1:19:51,27] --- Start #30 --- 
[15.05.2026  1:19:52,02] Beendet (exit=1, #30) 
[15.05.2026  1:19:52,02] Neustart in 30s... 
[15.05.2026  1:20:22,25] --- Start #31 --- 
[15.05.2026  1:20:22,59] Beendet (exit=1, #31) 
[15.05.2026  1:20:22,59] Neustart in 30s... 
[15.05.2026  1:20:52,24] --- Start #32 --- 
[15.05.2026  1:20:52,92] Beendet (exit=1, #32) 
[15.05.2026  1:20:52,92] Neustart in 30s... 
[15.05.2026  1:21:23,26] --- Start #33 --- 
[15.05.2026  1:21:23,61] Beendet (exit=1, #33) 
[15.05.2026  1:21:23,61] Neustart in 30s... 
[15.05.2026  1:21:53,34] --- Start #34 --- 
[15.05.2026  1:21:53,91] Beendet (exit=1, #34) 
[15.05.2026  1:21:53,91] Neustart in 30s... 
[15.05.2026  1:22:23,30] --- Start #35 --- 
[15.05.2026  1:22:23,69] Beendet (exit=1, #35) 
[15.05.2026  1:22:23,69] Neustart in 30s... 
[15.05.2026  1:22:53,25] --- Start #36 --- 
[15.05.2026  1:22:53,60] Beendet (exit=1, #36) 
[15.05.2026  1:22:53,61] Neustart in 30s... 
[15.05.2026  1:23:23,21] --- Start #37 --- 
[15.05.2026  1:23:23,51] Beendet (exit=1, #37) 
[15.05.2026  1:23:23,52] Neustart in 30s... 
[15.05.2026  1:23:53,23] --- Start #38 --- 
[15.05.2026  1:23:53,88] Beendet (exit=1, #38) 
[15.05.2026  1:23:53,88] Neustart in 30s... 
[15.05.2026  1:24:23,22] --- Start #39 --- 
[15.05.2026  1:24:23,97] Beendet (exit=1, #39) 
[15.05.2026  1:24:23,98] Neustart in 30s... 
[15.05.2026  1:24:54,21] --- Start #40 --- 
[15.05.2026  1:24:54,59] Beendet (exit=1, #40) 
[15.05.2026  1:24:54,59] Neustart in 30s... 
[15.05.2026  1:25:24,30] --- Start #41 --- 
[15.05.2026  1:25:24,69] Beendet (exit=1, #41) 
[15.05.2026  1:25:24,69] Neustart in 30s... 
[15.05.2026  1:25:54,21] --- Start #42 --- 
[15.05.2026  1:25:54,58] Beendet (exit=1, #42) 
[15.05.2026  1:25:54,58] Neustart in 30s... 
[15.05.2026  1:26:24,26] --- Start #43 --- 
[15.05.2026  1:26:24,63] Beendet (exit=1, #43) 
[15.05.2026  1:26:24,63] Neustart in 30s... 
[15.05.2026  1:26:54,24] --- Start #44 --- 
[15.05.2026  1:26:54,59] Beendet (exit=1, #44) 
[15.05.2026  1:26:54,59] Neustart in 30s... 
[15.05.2026  1:27:24,37] --- Start #45 --- 
[15.05.2026  1:27:25,30] Beendet (exit=1, #45) 
[15.05.2026  1:27:25,30] Neustart in 30s... 
[15.05.2026  1:27:55,28] --- Start #46 --- 
[15.05.2026  1:27:55,61] Beendet (exit=1, #46) 
[15.05.2026  1:27:55,62] Neustart in 30s... 
[15.05.2026  1:28:25,17] --- Start #47 --- 
[15.05.2026  1:28:25,56] Beendet (exit=1, #47) 
[15.05.2026  1:28:25,57] Neustart in 30s... 
[15.05.2026  1:28:55,23] --- Start #48 --- 
[15.05.2026  1:28:55,77] Beendet (exit=1, #48) 
[15.05.2026  1:28:55,78] Neustart in 30s... 
[15.05.2026  1:29:25,28] --- Start #49 --- 
[15.05.2026  1:29:27,82] Beendet (exit=1, #49) 
[15.05.2026  1:29:27,83] Neustart in 30s... 
[15.05.2026  1:29:57,25] --- Start #50 --- 
[15.05.2026  1:29:57,83] Beendet (exit=1, #50) 
[15.05.2026  1:29:57,83] Max Restarts - Pause 10 Min 
[15.05.2026  1:39:58,21] Neustart in 30s... 
[15.05.2026  1:40:28,22] --- Start #1 --- 
[15.05.2026  1:40:29,98] Beendet (exit=1, #1) 
[15.05.2026  1:40:29,98] Neustart in 30s... 
[15.05.2026  1:41:00,26] --- Start #2 --- 
[15.05.2026  1:41:02,72] Beendet (exit=1, #2) 
[15.05.2026  1:41:02,72] Neustart in 30s... 
[15.05.2026  1:41:32,22] --- Start #3 --- 
[15.05.2026  1:41:32,89] Beendet (exit=1, #3) 
[15.05.2026  1:41:32,89] Neustart in 30s... 
[15.05.2026  1:42:02,48] --- Start #4 --- 
[15.05.2026  1:42:03,18] Beendet (exit=1, #4) 
[15.05.2026  1:42:03,18] Neustart in 30s... 
[15.05.2026  1:42:33,21] --- Start #5 --- 
[15.05.2026  1:42:34,72] Beendet (exit=1, #5) 
[15.05.2026  1:42:34,79] Neustart in 30s... 
[15.05.2026  1:43:04,62] --- Start #6 --- 
[15.05.2026  1:43:07,41] Beendet (exit=1, #6) 
[15.05.2026  1:43:07,41] Neustart in 30s... 
[15.05.2026  1:43:37,26] --- Start #7 --- 
[15.05.2026  1:43:38,12] Beendet (exit=1, #7) 
[15.05.2026  1:43:38,12] Neustart in 30s... 
[15.05.2026  1:44:08,23] --- Start #8 --- 
[15.05.2026  1:44:09,24] Beendet (exit=1, #8) 
[15.05.2026  1:44:09,31] Neustart in 30s... 
[15.05.2026  1:44:39,26] --- Start #9 --- 
[15.05.2026  1:44:39,66] Beendet (exit=1, #9) 
[15.05.2026  1:44:39,66] Neustart in 30s... 
[15.05.2026  1:45:09,27] --- Start #10 --- 
[15.05.2026  1:45:10,16] Beendet (exit=1, #10) 
[15.05.2026  1:45:10,16] Neustart in 30s... 
[15.05.2026  1:45:40,39] --- Start #11 --- 
[15.05.2026  1:45:42,27] Beendet (exit=1, #11) 
[15.05.2026  1:45:42,27] Neustart in 30s... 
[15.05.2026  1:46:12,19] --- Start #12 --- 
[15.05.2026  1:46:13,47] Beendet (exit=1, #12) 
[15.05.2026  1:46:13,48] Neustart in 30s... 
[15.05.2026  1:46:43,28] --- Start #13 --- 
[15.05.2026  1:46:45,62] Beendet (exit=1, #13) 
[15.05.2026  1:46:45,62] Neustart in 30s... 
[15.05.2026  1:47:15,27] --- Start #14 --- 
[15.05.2026  1:47:15,68] Beendet (exit=1, #14) 
[15.05.2026  1:47:15,68] Neustart in 30s... 
[15.05.2026  1:47:45,27] --- Start #15 --- 
[15.05.2026  1:47:45,68] Beendet (exit=1, #15) 
[15.05.2026  1:47:45,74] Neustart in 30s... 
[15.05.2026  1:48:15,52] --- Start #16 --- 
[15.05.2026  1:48:18,09] Beendet (exit=1, #16) 
[15.05.2026  1:48:18,09] Neustart in 30s... 
[15.05.2026  1:48:48,34] --- Start #17 --- 
[15.05.2026  1:48:50,53] Beendet (exit=1, #17) 
[15.05.2026  1:48:50,53] Neustart in 30s... 
[15.05.2026  1:49:20,41] --- Start #18 --- 
[15.05.2026  1:49:23,07] Beendet (exit=1, #18) 
[15.05.2026  1:49:23,14] Neustart in 30s... 
[15.05.2026  1:49:53,22] --- Start #19 --- 
[15.05.2026  1:49:55,59] Beendet (exit=1, #19) 
[15.05.2026  1:49:55,59] Neustart in 30s... 
[15.05.2026  1:50:26,33] --- Start #20 --- 
[15.05.2026  1:50:29,31] Beendet (exit=1, #20) 
[15.05.2026  1:50:29,32] Neustart in 30s... 
[15.05.2026  1:50:59,29] --- Start #21 --- 
[15.05.2026  1:51:01,67] Beendet (exit=1, #21) 
[15.05.2026  1:51:01,68] Neustart in 30s... 
[15.05.2026  1:51:31,23] --- Start #22 --- 
[15.05.2026  1:51:31,88] Beendet (exit=1, #22) 
[15.05.2026  1:51:31,88] Neustart in 30s... 
[15.05.2026  1:52:01,41] --- Start #23 --- 
[15.05.2026  1:52:03,18] Beendet (exit=1, #23) 
[15.05.2026  1:52:03,18] Neustart in 30s... 
[15.05.2026  1:52:33,35] --- Start #24 --- 
[15.05.2026  1:52:33,69] Beendet (exit=1, #24) 
[15.05.2026  1:52:33,69] Neustart in 30s... 
[15.05.2026  1:53:03,18] --- Start #25 --- 
[15.05.2026  1:53:03,76] Beendet (exit=1, #25) 
[15.05.2026  1:53:03,76] Neustart in 30s... 
[15.05.2026  1:53:33,29] --- Start #26 --- 
[15.05.2026  1:53:33,68] Beendet (exit=1, #26) 
[15.05.2026  1:53:33,68] Neustart in 30s... 
[15.05.2026  1:54:03,22] --- Start #27 --- 
[15.05.2026  1:54:03,60] Beendet (exit=1, #27) 
[15.05.2026  1:54:03,60] Neustart in 30s... 
[15.05.2026  1:54:33,17] --- Start #28 --- 
[15.05.2026  1:54:34,42] Beendet (exit=1, #28) 
[15.05.2026  1:54:34,44] Neustart in 30s... 
[15.05.2026  1:55:04,22] --- Start #29 --- 
[15.05.2026  1:55:04,57] Beendet (exit=1, #29) 
[15.05.2026  1:55:04,57] Neustart in 30s... 
[15.05.2026  1:55:34,28] --- Start #30 --- 
[15.05.2026  1:55:34,86] Beendet (exit=1, #30) 
[15.05.2026  1:55:34,87] Neustart in 30s... 
[15.05.2026  1:56:04,24] --- Start #31 --- 
[15.05.2026  1:56:04,65] Beendet (exit=1, #31) 
[15.05.2026  1:56:04,65] Neustart in 30s... 
[15.05.2026  1:56:34,21] --- Start #32 --- 
[15.05.2026  1:56:34,71] Beendet (exit=1, #32) 
[15.05.2026  1:56:34,72] Neustart in 30s... 
[15.05.2026  1:57:04,27] --- Start #33 --- 
[15.05.2026  1:57:04,68] Beendet (exit=1, #33) 
[15.05.2026  1:57:04,74] Neustart in 30s... 
[15.05.2026  1:57:34,20] --- Start #34 --- 
[15.05.2026  1:57:34,62] Beendet (exit=1, #34) 
[15.05.2026  1:57:34,62] Neustart in 30s... 
[15.05.2026  1:58:04,20] --- Start #35 --- 
[15.05.2026  1:58:04,70] Beendet (exit=1, #35) 
[15.05.2026  1:58:04,71] Neustart in 30s... 
[15.05.2026  1:58:34,25] --- Start #36 --- 
[15.05.2026  1:58:35,22] Beendet (exit=1, #36) 
[15.05.2026  1:58:35,22] Neustart in 30s... 
[15.05.2026  1:59:05,18] --- Start #37 --- 
[15.05.2026  1:59:07,11] Beendet (exit=1, #37) 
[15.05.2026  1:59:07,11] Neustart in 30s... 
[15.05.2026  1:59:37,31] --- Start #38 --- 
[15.05.2026  1:59:37,72] Beendet (exit=1, #38) 
[15.05.2026  1:59:37,72] Neustart in 30s... 
[15.05.2026  2:00:07,26] --- Start #39 --- 
[15.05.2026  2:00:12,30] Beendet (exit=1, #39) 
[15.05.2026  2:00:12,55] Neustart in 30s... 
[15.05.2026  2:00:43,24] --- Start #40 --- 
[15.05.2026  2:00:45,26] Beendet (exit=1, #40) 
[15.05.2026  2:00:45,27] Neustart in 30s... 
[15.05.2026  2:01:15,18] --- Start #41 --- 
[15.05.2026  2:01:15,61] Beendet (exit=1, #41) 
[15.05.2026  2:01:15,61] Neustart in 30s... 
[15.05.2026  2:01:45,32] --- Start #42 --- 
[15.05.2026  2:01:45,66] Beendet (exit=1, #42) 
[15.05.2026  2:01:45,66] Neustart in 30s... 
[15.05.2026  2:02:15,25] --- Start #43 --- 
[15.05.2026  2:02:16,25] Beendet (exit=1, #43) 
[15.05.2026  2:02:16,25] Neustart in 30s... 
[15.05.2026  2:02:46,18] --- Start #44 --- 
[15.05.2026  2:02:46,58] Beendet (exit=1, #44) 
[15.05.2026  2:02:46,58] Neustart in 30s... 
[15.05.2026  2:03:16,22] --- Start #45 --- 
[15.05.2026  2:03:16,62] Beendet (exit=1, #45) 
[15.05.2026  2:03:16,62] Neustart in 30s... 
[15.05.2026  2:03:46,31] --- Start #46 --- 
[15.05.2026  2:03:46,79] Beendet (exit=1, #46) 
[15.05.2026  2:03:46,79] Neustart in 30s... 
[15.05.2026  2:04:16,18] --- Start #47 --- 
[15.05.2026  2:04:16,54] Beendet (exit=1, #47) 
[15.05.2026  2:04:16,54] Neustart in 30s... 
[15.05.2026  2:04:46,22] --- Start #48 --- 
[15.05.2026  2:04:46,58] Beendet (exit=1, #48) 
[15.05.2026  2:04:46,58] Neustart in 30s... 
[15.05.2026  2:05:16,27] --- Start #49 --- 
[15.05.2026  2:05:16,65] Beendet (exit=1, #49) 
[15.05.2026  2:05:16,65] Neustart in 30s... 
[15.05.2026  2:05:46,19] --- Start #50 --- 
[15.05.2026  2:05:46,69] Beendet (exit=1, #50) 
[15.05.2026  2:05:46,69] Max Restarts - Pause 10 Min 
[15.05.2026  2:15:46,20] Neustart in 30s... 
[15.05.2026  2:16:16,25] --- Start #1 --- 
[15.05.2026  2:16:17,21] Beendet (exit=1, #1) 
[15.05.2026  2:16:17,21] Neustart in 30s... 
[15.05.2026  2:16:47,26] --- Start #2 --- 
[15.05.2026  2:16:47,96] Beendet (exit=1, #2) 
[15.05.2026  2:16:47,96] Neustart in 30s... 
[15.05.2026  2:17:18,17] --- Start #3 --- 
[15.05.2026  2:17:18,59] Beendet (exit=1, #3) 
[15.05.2026  2:17:18,60] Neustart in 30s... 
[15.05.2026  2:17:48,27] --- Start #4 --- 
[15.05.2026  2:17:48,56] Beendet (exit=1, #4) 
[15.05.2026  2:17:48,57] Neustart in 30s... 
[15.05.2026  2:18:18,17] --- Start #5 --- 
[15.05.2026  2:18:18,48] Beendet (exit=1, #5) 
[15.05.2026  2:18:18,48] Neustart in 30s... 
[15.05.2026  2:18:48,27] --- Start #6 --- 
[15.05.2026  2:18:49,23] Beendet (exit=1, #6) 
[15.05.2026  2:18:49,23] Neustart in 30s... 
[15.05.2026  2:19:19,22] --- Start #7 --- 
[15.05.2026  2:19:19,60] Beendet (exit=1, #7) 
[15.05.2026  2:19:19,60] Neustart in 30s... 
[15.05.2026  2:19:49,21] --- Start #8 --- 
[15.05.2026  2:19:49,76] Beendet (exit=1, #8) 
[15.05.2026  2:19:49,76] Neustart in 30s... 
[15.05.2026  2:20:19,20] --- Start #9 --- 
[15.05.2026  2:20:19,69] Beendet (exit=1, #9) 
[15.05.2026  2:20:19,69] Neustart in 30s... 
[15.05.2026  2:20:49,19] --- Start #10 --- 
[15.05.2026  2:20:49,56] Beendet (exit=1, #10) 
[15.05.2026  2:20:49,62] Neustart in 30s... 
[15.05.2026  2:21:19,20] --- Start #11 --- 
[15.05.2026  2:21:19,52] Beendet (exit=1, #11) 
[15.05.2026  2:21:19,52] Neustart in 30s... 
[15.05.2026  2:21:49,22] --- Start #12 --- 
[15.05.2026  2:21:49,53] Beendet (exit=1, #12) 
[15.05.2026  2:21:49,53] Neustart in 30s... 
[15.05.2026  2:22:19,18] --- Start #13 --- 
[15.05.2026  2:22:19,66] Beendet (exit=1, #13) 
[15.05.2026  2:22:19,67] Neustart in 30s... 
[15.05.2026  2:22:49,23] --- Start #14 --- 
[15.05.2026  2:22:49,57] Beendet (exit=1, #14) 
[15.05.2026  2:22:49,57] Neustart in 30s... 
[15.05.2026  2:23:19,22] --- Start #15 --- 
[15.05.2026  2:23:19,69] Beendet (exit=1, #15) 
[15.05.2026  2:23:19,69] Neustart in 30s... 
[15.05.2026  2:23:49,20] --- Start #16 --- 
[15.05.2026  2:23:50,11] Beendet (exit=1, #16) 
[15.05.2026  2:23:50,12] Neustart in 30s... 
[15.05.2026  2:24:20,25] --- Start #17 --- 
[15.05.2026  2:24:20,56] Beendet (exit=1, #17) 
[15.05.2026  2:24:20,56] Neustart in 30s... 
[15.05.2026  2:24:50,28] --- Start #18 --- 
[15.05.2026  2:24:50,55] Beendet (exit=1, #18) 
[15.05.2026  2:24:50,55] Neustart in 30s... 
[15.05.2026  2:25:20,18] --- Start #19 --- 
[15.05.2026  2:25:20,56] Beendet (exit=1, #19) 
[15.05.2026  2:25:20,61] Neustart in 30s... 
[15.05.2026  2:25:50,24] --- Start #20 --- 
[15.05.2026  2:25:50,58] Beendet (exit=1, #20) 
[15.05.2026  2:25:50,58] Neustart in 30s... 
[15.05.2026  2:26:20,27] --- Start #21 --- 
[15.05.2026  2:26:20,91] Beendet (exit=1, #21) 
[15.05.2026  2:26:20,91] Neustart in 30s... 
[15.05.2026  2:26:50,19] --- Start #22 --- 
[15.05.2026  2:26:50,80] Beendet (exit=1, #22) 
[15.05.2026  2:26:50,80] Neustart in 30s... 
[15.05.2026  2:27:20,17] --- Start #23 --- 
[15.05.2026  2:27:20,48] Beendet (exit=1, #23) 
[15.05.2026  2:27:20,48] Neustart in 30s... 
[15.05.2026  2:27:50,23] --- Start #24 --- 
[15.05.2026  2:27:50,57] Beendet (exit=1, #24) 
[15.05.2026  2:27:50,57] Neustart in 30s... 
[15.05.2026  2:28:20,24] --- Start #25 --- 
[15.05.2026  2:28:20,54] Beendet (exit=1, #25) 
[15.05.2026  2:28:20,54] Neustart in 30s... 
[15.05.2026  2:28:50,23] --- Start #26 --- 
[15.05.2026  2:28:50,57] Beendet (exit=1, #26) 
[15.05.2026  2:28:50,57] Neustart in 30s... 
[15.05.2026  2:29:20,38] --- Start #27 --- 
[15.05.2026  2:29:22,14] Beendet (exit=1, #27) 
[15.05.2026  2:29:22,14] Neustart in 30s... 
[15.05.2026  2:29:52,26] --- Start #28 --- 
[15.05.2026  2:29:52,66] Beendet (exit=1, #28) 
[15.05.2026  2:29:52,66] Neustart in 30s... 
[15.05.2026  2:30:22,20] --- Start #29 --- 
[15.05.2026  2:30:22,51] Beendet (exit=1, #29) 
[15.05.2026  2:30:22,51] Neustart in 30s... 
[15.05.2026  2:30:52,27] --- Start #30 --- 
[15.05.2026  2:30:52,63] Beendet (exit=1, #30) 
[15.05.2026  2:30:52,64] Neustart in 30s... 
[15.05.2026  2:31:22,25] --- Start #31 --- 
[15.05.2026  2:31:22,72] Beendet (exit=1, #31) 
[15.05.2026  2:31:22,72] Neustart in 30s... 
[15.05.2026  2:31:52,24] --- Start #32 --- 
[15.05.2026  2:31:52,64] Beendet (exit=1, #32) 
[15.05.2026  2:31:52,64] Neustart in 30s... 
[15.05.2026  2:32:22,24] --- Start #33 --- 
[15.05.2026  2:32:23,77] Beendet (exit=1, #33) 
[15.05.2026  2:32:23,98] Neustart in 30s... 
[15.05.2026  2:32:54,22] --- Start #34 --- 
[15.05.2026  2:32:54,48] Beendet (exit=1, #34) 
[15.05.2026  2:32:54,48] Neustart in 30s... 
[15.05.2026  2:33:24,21] --- Start #35 --- 
[15.05.2026  2:33:24,51] Beendet (exit=1, #35) 
[15.05.2026  2:33:24,51] Neustart in 30s... 
[15.05.2026  2:33:54,15] --- Start #36 --- 
[15.05.2026  2:33:54,44] Beendet (exit=1, #36) 
[15.05.2026  2:33:54,44] Neustart in 30s... 
[15.05.2026  2:34:24,19] --- Start #37 --- 
[15.05.2026  2:34:24,68] Beendet (exit=1, #37) 
[15.05.2026  2:34:24,68] Neustart in 30s... 
[15.05.2026  2:34:54,22] --- Start #38 --- 
[15.05.2026  2:34:54,60] Beendet (exit=1, #38) 
[15.05.2026  2:34:54,60] Neustart in 30s... 
[15.05.2026  2:35:24,24] --- Start #39 --- 
[15.05.2026  2:35:25,40] Beendet (exit=1, #39) 
[15.05.2026  2:35:25,41] Neustart in 30s... 
[15.05.2026  2:35:55,27] --- Start #40 --- 
[15.05.2026  2:35:55,60] Beendet (exit=1, #40) 
[15.05.2026  2:35:55,61] Neustart in 30s... 
[15.05.2026  2:36:25,24] --- Start #41 --- 
[15.05.2026  2:36:25,67] Beendet (exit=1, #41) 
[15.05.2026  2:36:25,67] Neustart in 30s... 
[15.05.2026  2:36:55,28] --- Start #42 --- 
[15.05.2026  2:37:10,54] Beendet (exit=1, #42) 
[15.05.2026  2:37:11,14] Neustart in 30s... 
[15.05.2026  2:37:42,23] --- Start #43 --- 
[15.05.2026  2:37:42,72] Beendet (exit=1, #43) 
[15.05.2026  2:37:42,72] Neustart in 30s... 
[15.05.2026  2:38:12,34] --- Start #44 --- 
[15.05.2026  2:38:14,92] Beendet (exit=1, #44) 
[15.05.2026  2:38:15,22] Neustart in 30s... 
[15.05.2026  2:38:45,27] --- Start #45 --- 
[15.05.2026  2:38:46,00] Beendet (exit=1, #45) 
[15.05.2026  2:38:46,00] Neustart in 30s... 
[15.05.2026  2:39:16,19] --- Start #46 --- 
[15.05.2026  2:39:17,06] Beendet (exit=1, #46) 
[15.05.2026  2:39:17,09] Neustart in 30s... 
[15.05.2026  2:39:47,20] --- Start #47 --- 
[15.05.2026  2:39:47,69] Beendet (exit=1, #47) 
[15.05.2026  2:39:47,76] Neustart in 30s... 
[15.05.2026  2:40:17,31] --- Start #48 --- 
[15.05.2026  2:40:17,68] Beendet (exit=1, #48) 
[15.05.2026  2:40:17,68] Neustart in 30s... 
[15.05.2026  2:40:47,24] --- Start #49 --- 
[15.05.2026  2:40:47,61] Beendet (exit=1, #49) 
[15.05.2026  2:40:47,61] Neustart in 30s... 
[15.05.2026  2:41:17,25] --- Start #50 --- 
[15.05.2026  2:41:17,64] Beendet (exit=1, #50) 
[15.05.2026  2:41:17,64] Max Restarts - Pause 10 Min 
[15.05.2026  2:51:17,23] Neustart in 30s... 
[15.05.2026  2:51:47,20] --- Start #1 --- 
[15.05.2026  2:51:47,69] Beendet (exit=1, #1) 
[15.05.2026  2:51:47,69] Neustart in 30s... 
[15.05.2026  2:52:17,25] --- Start #2 --- 
[15.05.2026  2:52:17,71] Beendet (exit=1, #2) 
[15.05.2026  2:52:17,72] Neustart in 30s... 
[15.05.2026  2:52:47,19] --- Start #3 --- 
[15.05.2026  2:52:47,51] Beendet (exit=1, #3) 
[15.05.2026  2:52:47,51] Neustart in 30s... 
[15.05.2026  2:53:17,21] --- Start #4 --- 
[15.05.2026  2:53:17,77] Beendet (exit=1, #4) 
[15.05.2026  2:53:17,78] Neustart in 30s... 
[15.05.2026  2:53:47,28] --- Start #5 --- 
[15.05.2026  2:53:47,81] Beendet (exit=1, #5) 
[15.05.2026  2:53:47,81] Neustart in 30s... 
[15.05.2026  2:54:17,16] --- Start #6 --- 
[15.05.2026  2:54:17,51] Beendet (exit=1, #6) 
[15.05.2026  2:54:17,52] Neustart in 30s... 
[15.05.2026  2:54:47,19] --- Start #7 --- 
[15.05.2026  2:54:47,65] Beendet (exit=1, #7) 
[15.05.2026  2:54:47,65] Neustart in 30s... 
[15.05.2026  2:55:17,24] --- Start #8 --- 
[15.05.2026  2:55:17,62] Beendet (exit=1, #8) 
[15.05.2026  2:55:17,62] Neustart in 30s... 
[15.05.2026  2:55:47,19] --- Start #9 --- 
[15.05.2026  2:55:47,61] Beendet (exit=1, #9) 
[15.05.2026  2:55:47,61] Neustart in 30s... 
[15.05.2026  2:56:17,18] --- Start #10 --- 
[15.05.2026  2:56:17,51] Beendet (exit=1, #10) 
[15.05.2026  2:56:17,51] Neustart in 30s... 
[15.05.2026  2:56:47,31] --- Start #11 --- 
[15.05.2026  2:56:47,67] Beendet (exit=1, #11) 
[15.05.2026  2:56:47,68] Neustart in 30s... 
[15.05.2026  2:57:17,23] --- Start #12 --- 
[15.05.2026  2:57:17,85] Beendet (exit=1, #12) 
[15.05.2026  2:57:17,86] Neustart in 30s... 
[15.05.2026  2:57:47,21] --- Start #13 --- 
[15.05.2026  2:57:47,56] Beendet (exit=1, #13) 
[15.05.2026  2:57:47,56] Neustart in 30s... 
[15.05.2026  2:58:17,22] --- Start #14 --- 
[15.05.2026  2:58:17,63] Beendet (exit=1, #14) 
[15.05.2026  2:58:17,63] Neustart in 30s... 
[15.05.2026  2:58:47,21] --- Start #15 --- 
[15.05.2026  2:58:47,77] Beendet (exit=1, #15) 
[15.05.2026  2:58:47,78] Neustart in 30s... 
[15.05.2026  2:59:17,16] --- Start #16 --- 
[15.05.2026  2:59:18,77] Beendet (exit=1, #16) 
[15.05.2026  2:59:18,83] Neustart in 30s... 
[15.05.2026  2:59:49,17] --- Start #17 --- 
[15.05.2026  2:59:49,52] Beendet (exit=1, #17) 
[15.05.2026  2:59:49,52] Neustart in 30s... 
[15.05.2026  3:00:19,38] --- Start #18 --- 
[15.05.2026  3:00:20,95] Beendet (exit=1, #18) 
[15.05.2026  3:00:20,95] Neustart in 30s... 
[15.05.2026  3:00:51,18] --- Start #19 --- 
[15.05.2026  3:00:52,94] Beendet (exit=1, #19) 
[15.05.2026  3:00:53,00] Neustart in 30s... 
[15.05.2026  3:01:23,24] --- Start #20 --- 
[15.05.2026  3:01:23,58] Beendet (exit=1, #20) 
[15.05.2026  3:01:23,58] Neustart in 30s... 
[15.05.2026  3:01:53,27] --- Start #21 --- 
[15.05.2026  3:01:53,93] Beendet (exit=1, #21) 
[15.05.2026  3:01:53,93] Neustart in 30s... 
[15.05.2026  3:02:23,18] --- Start #22 --- 
[15.05.2026  3:02:23,56] Beendet (exit=1, #22) 
[15.05.2026  3:02:23,58] Neustart in 30s... 
[15.05.2026  3:02:53,27] --- Start #23 --- 
[15.05.2026  3:02:53,67] Beendet (exit=1, #23) 
[15.05.2026  3:02:53,68] Neustart in 30s... 
[15.05.2026  3:03:23,23] --- Start #24 --- 
[15.05.2026  3:03:23,71] Beendet (exit=1, #24) 
[15.05.2026  3:03:23,71] Neustart in 30s... 
[15.05.2026  3:03:53,16] --- Start #25 --- 
[15.05.2026  3:03:53,52] Beendet (exit=1, #25) 
[15.05.2026  3:03:53,52] Neustart in 30s... 
[15.05.2026  3:04:23,26] --- Start #26 --- 
[15.05.2026  3:04:23,61] Beendet (exit=1, #26) 
[15.05.2026  3:04:23,61] Neustart in 30s... 
[15.05.2026  3:04:53,15] --- Start #27 --- 
[15.05.2026  3:04:53,46] Beendet (exit=1, #27) 
[15.05.2026  3:04:53,47] Neustart in 30s... 
[15.05.2026  3:05:23,29] --- Start #28 --- 
[15.05.2026  3:05:23,66] Beendet (exit=1, #28) 
[15.05.2026  3:05:23,66] Neustart in 30s... 
[15.05.2026  3:05:53,22] --- Start #29 --- 
[15.05.2026  3:05:53,73] Beendet (exit=1, #29) 
[15.05.2026  3:05:53,73] Neustart in 30s... 
[15.05.2026  3:06:23,18] --- Start #30 --- 
[15.05.2026  3:06:23,59] Beendet (exit=1, #30) 
[15.05.2026  3:06:23,59] Neustart in 30s... 
[15.05.2026  3:06:53,21] --- Start #31 --- 
[15.05.2026  3:06:53,56] Beendet (exit=1, #31) 
[15.05.2026  3:06:53,56] Neustart in 30s... 
[15.05.2026  3:07:23,20] --- Start #32 --- 
[15.05.2026  3:07:23,62] Beendet (exit=1, #32) 
[15.05.2026  3:07:23,62] Neustart in 30s... 
[15.05.2026  3:07:53,19] --- Start #33 --- 
[15.05.2026  3:07:53,61] Beendet (exit=1, #33) 
[15.05.2026  3:07:53,61] Neustart in 30s... 
[15.05.2026  3:08:23,22] --- Start #34 --- 
[15.05.2026  3:08:24,14] Beendet (exit=1, #34) 
[15.05.2026  3:08:24,14] Neustart in 30s... 
[15.05.2026  3:08:54,23] --- Start #35 --- 
[15.05.2026  3:08:54,54] Beendet (exit=1, #35) 
[15.05.2026  3:08:54,55] Neustart in 30s... 
[15.05.2026  3:09:24,25] --- Start #36 --- 
[15.05.2026  3:09:24,57] Beendet (exit=1, #36) 
[15.05.2026  3:09:24,58] Neustart in 30s... 
[15.05.2026  3:09:54,17] --- Start #37 --- 
[15.05.2026  3:09:54,52] Beendet (exit=1, #37) 
[15.05.2026  3:09:54,52] Neustart in 30s... 
[15.05.2026  3:10:24,17] --- Start #38 --- 
[15.05.2026  3:10:24,52] Beendet (exit=1, #38) 
[15.05.2026  3:10:24,52] Neustart in 30s... 
[15.05.2026  3:10:54,22] --- Start #39 --- 
[15.05.2026  3:10:54,70] Beendet (exit=1, #39) 
[15.05.2026  3:10:54,70] Neustart in 30s... 
[15.05.2026  3:11:24,24] --- Start #40 --- 
[15.05.2026  3:11:24,71] Beendet (exit=1, #40) 
[15.05.2026  3:11:24,71] Neustart in 30s... 
[15.05.2026  3:11:54,17] --- Start #41 --- 
[15.05.2026  3:11:54,53] Beendet (exit=1, #41) 
[15.05.2026  3:11:54,56] Neustart in 30s... 
[15.05.2026  3:12:24,22] --- Start #42 --- 
[15.05.2026  3:12:24,59] Beendet (exit=1, #42) 
[15.05.2026  3:12:24,64] Neustart in 30s... 
[15.05.2026  3:12:54,23] --- Start #43 --- 
[15.05.2026  3:12:54,77] Beendet (exit=1, #43) 
[15.05.2026  3:12:54,77] Neustart in 30s... 
[15.05.2026  3:13:24,22] --- Start #44 --- 
[15.05.2026  3:13:24,68] Beendet (exit=1, #44) 
[15.05.2026  3:13:24,69] Neustart in 30s... 
[15.05.2026  3:13:54,21] --- Start #45 --- 
[15.05.2026  3:13:54,82] Beendet (exit=1, #45) 
[15.05.2026  3:13:54,82] Neustart in 30s... 
[15.05.2026  3:14:24,19] --- Start #46 --- 
[15.05.2026  3:14:24,67] Beendet (exit=1, #46) 
[15.05.2026  3:14:24,73] Neustart in 30s... 
[15.05.2026  3:14:54,18] --- Start #47 --- 
[15.05.2026  3:14:54,65] Beendet (exit=1, #47) 
[15.05.2026  3:14:54,65] Neustart in 30s... 
[15.05.2026  3:15:24,23] --- Start #48 --- 
[15.05.2026  3:15:24,69] Beendet (exit=1, #48) 
[15.05.2026  3:15:24,74] Neustart in 30s... 
[15.05.2026  3:15:54,20] --- Start #49 --- 
[15.05.2026  3:15:54,58] Beendet (exit=1, #49) 
[15.05.2026  3:15:54,58] Neustart in 30s... 
[15.05.2026  3:16:24,26] --- Start #50 --- 
[15.05.2026  3:16:24,69] Beendet (exit=1, #50) 
[15.05.2026  3:16:24,69] Max Restarts - Pause 10 Min 
[15.05.2026  3:26:24,21] Neustart in 30s... 
[15.05.2026  3:26:54,28] --- Start #1 --- 
[15.05.2026  3:26:54,78] Beendet (exit=1, #1) 
[15.05.2026  3:26:54,78] Neustart in 30s... 
[15.05.2026  3:27:24,28] --- Start #2 --- 
[15.05.2026  3:27:24,68] Beendet (exit=1, #2) 
[15.05.2026  3:27:24,68] Neustart in 30s... 
[15.05.2026  3:27:54,21] --- Start #3 --- 
[15.05.2026  3:27:54,55] Beendet (exit=1, #3) 
[15.05.2026  3:27:54,55] Neustart in 30s... 
[15.05.2026  3:28:24,22] --- Start #4 --- 
[15.05.2026  3:28:24,50] Beendet (exit=1, #4) 
[15.05.2026  3:28:24,51] Neustart in 30s... 
[15.05.2026  3:28:54,19] --- Start #5 --- 
[15.05.2026  3:28:54,50] Beendet (exit=1, #5) 
[15.05.2026  3:28:54,50] Neustart in 30s... 
[15.05.2026  3:29:24,28] --- Start #6 --- 
[15.05.2026  3:29:24,70] Beendet (exit=1, #6) 
[15.05.2026  3:29:24,70] Neustart in 30s... 
[15.05.2026  3:29:54,30] --- Start #7 --- 
[15.05.2026  3:29:54,74] Beendet (exit=1, #7) 
[15.05.2026  3:29:54,74] Neustart in 30s... 
[15.05.2026  3:30:24,18] --- Start #8 --- 
[15.05.2026  3:30:24,56] Beendet (exit=1, #8) 
[15.05.2026  3:30:24,56] Neustart in 30s... 
[15.05.2026  3:30:54,25] --- Start #9 --- 
[15.05.2026  3:30:54,62] Beendet (exit=1, #9) 
[15.05.2026  3:30:54,63] Neustart in 30s... 
[15.05.2026  3:31:24,29] --- Start #10 --- 
[15.05.2026  3:31:24,87] Beendet (exit=1, #10) 
[15.05.2026  3:31:24,87] Neustart in 30s... 
[15.05.2026  3:31:54,31] --- Start #11 --- 
[15.05.2026  3:31:54,75] Beendet (exit=1, #11) 
[15.05.2026  3:31:54,75] Neustart in 30s... 
[15.05.2026  3:32:24,29] --- Start #12 --- 
[15.05.2026  3:32:25,95] Beendet (exit=1, #12) 
[15.05.2026  3:32:25,95] Neustart in 30s... 
[15.05.2026  3:32:56,29] --- Start #13 --- 
[15.05.2026  3:32:56,66] Beendet (exit=1, #13) 
[15.05.2026  3:32:56,67] Neustart in 30s... 
[15.05.2026  3:33:26,20] --- Start #14 --- 
[15.05.2026  3:33:26,53] Beendet (exit=1, #14) 
[15.05.2026  3:33:26,53] Neustart in 30s... 
[15.05.2026  3:33:56,21] --- Start #15 --- 
[15.05.2026  3:33:56,56] Beendet (exit=1, #15) 
[15.05.2026  3:33:56,57] Neustart in 30s... 
[15.05.2026  3:34:26,22] --- Start #16 --- 
[15.05.2026  3:34:26,57] Beendet (exit=1, #16) 
[15.05.2026  3:34:26,58] Neustart in 30s... 
[15.05.2026  3:34:56,25] --- Start #17 --- 
[15.05.2026  3:34:56,59] Beendet (exit=1, #17) 
[15.05.2026  3:34:56,59] Neustart in 30s... 
[15.05.2026  3:35:26,17] --- Start #18 --- 
[15.05.2026  3:35:26,64] Beendet (exit=1, #18) 
[15.05.2026  3:35:26,69] Neustart in 30s... 
[15.05.2026  3:35:56,21] --- Start #19 --- 
[15.05.2026  3:35:56,59] Beendet (exit=1, #19) 
[15.05.2026  3:35:56,64] Neustart in 30s... 
[15.05.2026  3:36:26,18] --- Start #20 --- 
[15.05.2026  3:36:26,48] Beendet (exit=1, #20) 
[15.05.2026  3:36:26,48] Neustart in 30s... 
[15.05.2026  3:36:56,69] --- Start #21 --- 
[15.05.2026  3:37:08,31] Beendet (exit=1, #21) 
[15.05.2026  3:37:08,37] Neustart in 30s... 
[15.05.2026  3:37:38,22] --- Start #22 --- 
[15.05.2026  3:37:40,18] Beendet (exit=1, #22) 
[15.05.2026  3:37:40,18] Neustart in 30s... 
[15.05.2026  3:38:10,26] --- Start #23 --- 
[15.05.2026  3:38:12,92] Beendet (exit=1, #23) 
[15.05.2026  3:38:12,92] Neustart in 30s... 
[15.05.2026  3:38:43,30] --- Start #24 --- 
[15.05.2026  3:38:44,11] Beendet (exit=1, #24) 
[15.05.2026  3:38:44,11] Neustart in 30s... 
[15.05.2026  3:39:14,20] --- Start #25 --- 
[15.05.2026  3:39:15,01] Beendet (exit=1, #25) 
[15.05.2026  3:39:15,01] Neustart in 30s... 
[15.05.2026  3:39:45,19] --- Start #26 --- 
[15.05.2026  3:39:46,88] Beendet (exit=1, #26) 
[15.05.2026  3:39:46,88] Neustart in 30s... 
[15.05.2026  3:40:17,16] --- Start #27 --- 
[15.05.2026  3:40:17,49] Beendet (exit=1, #27) 
[15.05.2026  3:40:17,49] Neustart in 30s... 
[15.05.2026  3:40:47,19] --- Start #28 --- 
[15.05.2026  3:40:47,63] Beendet (exit=1, #28) 
[15.05.2026  3:40:47,63] Neustart in 30s... 
[15.05.2026  3:41:17,30] --- Start #29 --- 
[15.05.2026  3:41:19,04] Beendet (exit=1, #29) 
[15.05.2026  3:41:19,04] Neustart in 30s... 
[15.05.2026  3:41:49,15] --- Start #30 --- 
[15.05.2026  3:41:50,89] Beendet (exit=1, #30) 
[15.05.2026  3:41:50,89] Neustart in 30s... 
[15.05.2026  3:42:21,22] --- Start #31 --- 
[15.05.2026  3:42:21,69] Beendet (exit=1, #31) 
[15.05.2026  3:42:21,69] Neustart in 30s... 
[15.05.2026  3:42:51,18] --- Start #32 --- 
[15.05.2026  3:42:51,51] Beendet (exit=1, #32) 
[15.05.2026  3:42:51,51] Neustart in 30s... 
[15.05.2026  3:43:21,21] --- Start #33 --- 
[15.05.2026  3:43:22,74] Beendet (exit=1, #33) 
[15.05.2026  3:43:22,82] Neustart in 30s... 
[15.05.2026  3:43:53,19] --- Start #34 --- 
[15.05.2026  3:43:55,22] Beendet (exit=1, #34) 
[15.05.2026  3:43:55,22] Neustart in 30s... 
[15.05.2026  3:44:25,18] --- Start #35 --- 
[15.05.2026  3:44:25,48] Beendet (exit=1, #35) 
[15.05.2026  3:44:25,48] Neustart in 30s... 
[15.05.2026  3:44:55,20] --- Start #36 --- 
[15.05.2026  3:44:55,52] Beendet (exit=1, #36) 
[15.05.2026  3:44:55,52] Neustart in 30s... 
[15.05.2026  3:45:25,24] --- Start #37 --- 
[15.05.2026  3:45:27,23] Beendet (exit=1, #37) 
[15.05.2026  3:45:27,23] Neustart in 30s... 
[15.05.2026  3:45:57,17] --- Start #38 --- 
[15.05.2026  3:45:57,57] Beendet (exit=1, #38) 
[15.05.2026  3:45:57,58] Neustart in 30s... 
[15.05.2026  3:46:27,17] --- Start #39 --- 
[15.05.2026  3:46:27,44] Beendet (exit=1, #39) 
[15.05.2026  3:46:27,44] Neustart in 30s... 
[15.05.2026  3:46:57,26] --- Start #40 --- 
[15.05.2026  3:46:57,64] Beendet (exit=1, #40) 
[15.05.2026  3:46:57,65] Neustart in 30s... 
[15.05.2026  3:47:27,20] --- Start #41 --- 
[15.05.2026  3:47:27,50] Beendet (exit=1, #41) 
[15.05.2026  3:47:27,50] Neustart in 30s... 
[15.05.2026  3:47:57,23] --- Start #42 --- 
[15.05.2026  3:47:57,63] Beendet (exit=1, #42) 
[15.05.2026  3:47:57,63] Neustart in 30s... 
[15.05.2026  3:48:27,13] --- Start #43 --- 
[15.05.2026  3:48:27,55] Beendet (exit=1, #43) 
[15.05.2026  3:48:27,55] Neustart in 30s... 
[15.05.2026  3:48:57,21] --- Start #44 --- 
[15.05.2026  3:48:57,50] Beendet (exit=1, #44) 
[15.05.2026  3:48:57,50] Neustart in 30s... 
[15.05.2026  3:49:27,26] --- Start #45 --- 
[15.05.2026  3:49:27,62] Beendet (exit=1, #45) 
[15.05.2026  3:49:27,62] Neustart in 30s... 
[15.05.2026  3:49:57,17] --- Start #46 --- 
[15.05.2026  3:49:57,59] Beendet (exit=1, #46) 
[15.05.2026  3:49:57,60] Neustart in 30s... 
[15.05.2026  3:50:27,16] --- Start #47 --- 
[15.05.2026  3:50:27,54] Beendet (exit=1, #47) 
[15.05.2026  3:50:27,54] Neustart in 30s... 
[15.05.2026  3:50:57,23] --- Start #48 --- 
[15.05.2026  3:50:57,59] Beendet (exit=1, #48) 
[15.05.2026  3:50:57,59] Neustart in 30s... 
[15.05.2026  3:51:27,21] --- Start #49 --- 
[15.05.2026  3:51:27,50] Beendet (exit=1, #49) 
[15.05.2026  3:51:27,51] Neustart in 30s... 
[15.05.2026  3:51:57,17] --- Start #50 --- 
[15.05.2026  3:51:57,48] Beendet (exit=1, #50) 
[15.05.2026  3:51:57,48] Max Restarts - Pause 10 Min 
[15.05.2026  4:01:57,22] Neustart in 30s... 
[15.05.2026  4:02:27,18] --- Start #1 --- 
[15.05.2026  4:02:27,73] Beendet (exit=1, #1) 
[15.05.2026  4:02:27,73] Neustart in 30s... 
[15.05.2026  4:02:57,21] --- Start #2 --- 
[15.05.2026  4:02:57,56] Beendet (exit=1, #2) 
[15.05.2026  4:02:57,56] Neustart in 30s... 
[15.05.2026  4:03:27,21] --- Start #3 --- 
[15.05.2026  4:03:27,60] Beendet (exit=1, #3) 
[15.05.2026  4:03:27,60] Neustart in 30s... 
[15.05.2026  4:03:57,19] --- Start #4 --- 
[15.05.2026  4:03:57,66] Beendet (exit=1, #4) 
[15.05.2026  4:03:57,66] Neustart in 30s... 
[15.05.2026  4:04:27,22] --- Start #5 --- 
[15.05.2026  4:04:27,49] Beendet (exit=1, #5) 
[15.05.2026  4:04:27,49] Neustart in 30s... 
[15.05.2026  4:04:57,25] --- Start #6 --- 
[15.05.2026  4:04:57,62] Beendet (exit=1, #6) 
[15.05.2026  4:04:57,63] Neustart in 30s... 
[15.05.2026  4:05:27,21] --- Start #7 --- 
[15.05.2026  4:05:27,57] Beendet (exit=1, #7) 
[15.05.2026  4:05:27,57] Neustart in 30s... 
[15.05.2026  4:05:57,25] --- Start #8 --- 
[15.05.2026  4:05:57,51] Beendet (exit=1, #8) 
[15.05.2026  4:05:57,51] Neustart in 30s... 
[15.05.2026  4:06:27,20] --- Start #9 --- 
[15.05.2026  4:06:27,50] Beendet (exit=1, #9) 
[15.05.2026  4:06:27,50] Neustart in 30s... 
[15.05.2026  4:06:57,18] --- Start #10 --- 
[15.05.2026  4:06:57,52] Beendet (exit=1, #10) 
[15.05.2026  4:06:57,52] Neustart in 30s... 
[15.05.2026  4:07:27,17] --- Start #11 --- 
[15.05.2026  4:07:27,65] Beendet (exit=1, #11) 
[15.05.2026  4:07:27,65] Neustart in 30s... 
[15.05.2026  4:07:57,17] --- Start #12 --- 
[15.05.2026  4:07:57,52] Beendet (exit=1, #12) 
[15.05.2026  4:07:57,52] Neustart in 30s... 
[15.05.2026  4:08:27,17] --- Start #13 --- 
[15.05.2026  4:08:27,55] Beendet (exit=1, #13) 
[15.05.2026  4:08:27,55] Neustart in 30s... 
[15.05.2026  4:08:57,17] --- Start #14 --- 
[15.05.2026  4:08:57,44] Beendet (exit=1, #14) 
[15.05.2026  4:08:57,44] Neustart in 30s... 
[15.05.2026  4:09:27,17] --- Start #15 --- 
[15.05.2026  4:09:27,61] Beendet (exit=1, #15) 
[15.05.2026  4:09:27,61] Neustart in 30s... 
[15.05.2026  4:09:57,24] --- Start #16 --- 
[15.05.2026  4:09:57,54] Beendet (exit=1, #16) 
[15.05.2026  4:09:57,55] Neustart in 30s... 
[15.05.2026  4:10:27,22] --- Start #17 --- 
[15.05.2026  4:10:27,63] Beendet (exit=1, #17) 
[15.05.2026  4:10:27,63] Neustart in 30s... 
[15.05.2026  4:10:57,24] --- Start #18 --- 
[15.05.2026  4:10:57,60] Beendet (exit=1, #18) 
[15.05.2026  4:10:57,60] Neustart in 30s... 
[15.05.2026  4:11:27,19] --- Start #19 --- 
[15.05.2026  4:11:27,47] Beendet (exit=1, #19) 
[15.05.2026  4:11:27,47] Neustart in 30s... 
[15.05.2026  4:11:57,19] --- Start #20 --- 
[15.05.2026  4:11:57,58] Beendet (exit=1, #20) 
[15.05.2026  4:11:57,58] Neustart in 30s... 
[15.05.2026  4:12:27,19] --- Start #21 --- 
[15.05.2026  4:12:27,63] Beendet (exit=1, #21) 
[15.05.2026  4:12:27,63] Neustart in 30s... 
[15.05.2026  4:12:57,24] --- Start #22 --- 
[15.05.2026  4:12:57,61] Beendet (exit=1, #22) 
[15.05.2026  4:12:57,61] Neustart in 30s... 
[15.05.2026  4:13:27,22] --- Start #23 --- 
[15.05.2026  4:13:27,52] Beendet (exit=1, #23) 
[15.05.2026  4:13:27,52] Neustart in 30s... 
[15.05.2026  4:13:57,24] --- Start #24 --- 
[15.05.2026  4:13:57,53] Beendet (exit=1, #24) 
[15.05.2026  4:13:57,53] Neustart in 30s... 
[15.05.2026  4:14:27,24] --- Start #25 --- 
[15.05.2026  4:14:27,51] Beendet (exit=1, #25) 
[15.05.2026  4:14:27,51] Neustart in 30s... 
[15.05.2026  4:14:57,26] --- Start #26 --- 
[15.05.2026  4:14:57,57] Beendet (exit=1, #26) 
[15.05.2026  4:14:57,57] Neustart in 30s... 
[15.05.2026  4:15:27,24] --- Start #27 --- 
[15.05.2026  4:15:27,58] Beendet (exit=1, #27) 
[15.05.2026  4:15:27,58] Neustart in 30s... 
[15.05.2026  4:15:57,21] --- Start #28 --- 
[15.05.2026  4:15:57,62] Beendet (exit=1, #28) 
[15.05.2026  4:15:57,62] Neustart in 30s... 
[15.05.2026  4:16:27,18] --- Start #29 --- 
[15.05.2026  4:16:27,51] Beendet (exit=1, #29) 
[15.05.2026  4:16:27,51] Neustart in 30s... 
[15.05.2026  4:16:57,22] --- Start #30 --- 
[15.05.2026  4:16:57,50] Beendet (exit=1, #30) 
[15.05.2026  4:16:57,50] Neustart in 30s... 
[15.05.2026  4:17:27,26] --- Start #31 --- 
[15.05.2026  4:17:27,63] Beendet (exit=1, #31) 
[15.05.2026  4:17:27,63] Neustart in 30s... 
[15.05.2026  4:17:57,18] --- Start #32 --- 
[15.05.2026  4:17:57,46] Beendet (exit=1, #32) 
[15.05.2026  4:17:57,46] Neustart in 30s... 
[15.05.2026  4:18:27,19] --- Start #33 --- 
[15.05.2026  4:18:27,49] Beendet (exit=1, #33) 
[15.05.2026  4:18:27,49] Neustart in 30s... 
[15.05.2026  4:18:57,26] --- Start #34 --- 
[15.05.2026  4:18:57,54] Beendet (exit=1, #34) 
[15.05.2026  4:18:57,54] Neustart in 30s... 
[15.05.2026  4:19:27,19] --- Start #35 --- 
[15.05.2026  4:19:27,70] Beendet (exit=1, #35) 
[15.05.2026  4:19:27,70] Neustart in 30s... 
[15.05.2026  4:19:57,24] --- Start #36 --- 
[15.05.2026  4:19:57,61] Beendet (exit=1, #36) 
[15.05.2026  4:19:57,61] Neustart in 30s... 
[15.05.2026  4:20:27,18] --- Start #37 --- 
[15.05.2026  4:20:27,49] Beendet (exit=1, #37) 
[15.05.2026  4:20:27,49] Neustart in 30s... 
[15.05.2026  4:20:57,20] --- Start #38 --- 
[15.05.2026  4:20:57,47] Beendet (exit=1, #38) 
[15.05.2026  4:20:57,47] Neustart in 30s... 
[15.05.2026  4:21:27,23] --- Start #39 --- 
[15.05.2026  4:21:27,51] Beendet (exit=1, #39) 
[15.05.2026  4:21:27,51] Neustart in 30s... 
[15.05.2026  4:21:57,23] --- Start #40 --- 
[15.05.2026  4:21:57,50] Beendet (exit=1, #40) 
[15.05.2026  4:21:57,50] Neustart in 30s... 
[15.05.2026  4:22:27,15] --- Start #41 --- 
[15.05.2026  4:22:27,46] Beendet (exit=1, #41) 
[15.05.2026  4:22:27,46] Neustart in 30s... 
[15.05.2026  4:22:57,21] --- Start #42 --- 
[15.05.2026  4:22:57,55] Beendet (exit=1, #42) 
[15.05.2026  4:22:57,56] Neustart in 30s... 
[15.05.2026  4:23:27,27] --- Start #43 --- 
[15.05.2026  4:23:27,47] Beendet (exit=1, #43) 
[15.05.2026  4:23:27,47] Neustart in 30s... 
[15.05.2026  4:23:57,21] --- Start #44 --- 
[15.05.2026  4:23:57,48] Beendet (exit=1, #44) 
[15.05.2026  4:23:57,48] Neustart in 30s... 
[15.05.2026  4:24:27,15] --- Start #45 --- 
[15.05.2026  4:24:27,37] Beendet (exit=1, #45) 
[15.05.2026  4:24:27,37] Neustart in 30s... 
[15.05.2026  4:24:57,17] --- Start #46 --- 
[15.05.2026  4:24:57,43] Beendet (exit=1, #46) 
[15.05.2026  4:24:57,43] Neustart in 30s... 
[15.05.2026  4:25:27,23] --- Start #47 --- 
[15.05.2026  4:25:27,57] Beendet (exit=1, #47) 
[15.05.2026  4:25:27,58] Neustart in 30s... 
[15.05.2026  4:25:57,20] --- Start #48 --- 
[15.05.2026  4:25:57,57] Beendet (exit=1, #48) 
[15.05.2026  4:25:57,57] Neustart in 30s... 
[15.05.2026  4:26:27,20] --- Start #49 --- 
[15.05.2026  4:26:27,57] Beendet (exit=1, #49) 
[15.05.2026  4:26:27,57] Neustart in 30s... 
[15.05.2026  4:26:57,19] --- Start #50 --- 
[15.05.2026  4:26:57,61] Beendet (exit=1, #50) 
[15.05.2026  4:26:57,61] Max Restarts - Pause 10 Min 
[15.05.2026  4:36:57,35] Neustart in 30s... 
[15.05.2026  4:37:27,23] --- Start #1 --- 
[15.05.2026  4:37:27,52] Beendet (exit=1, #1) 
[15.05.2026  4:37:27,52] Neustart in 30s... 
[15.05.2026  4:37:57,24] --- Start #2 --- 
[15.05.2026  4:37:58,62] Beendet (exit=1, #2) 
[15.05.2026  4:37:58,65] Neustart in 30s... 
[15.05.2026  4:38:28,21] --- Start #3 --- 
[15.05.2026  4:38:30,04] Beendet (exit=1, #3) 
[15.05.2026  4:38:30,07] Neustart in 30s... 
[15.05.2026  4:39:00,20] --- Start #4 --- 
[15.05.2026  4:39:00,64] Beendet (exit=1, #4) 
[15.05.2026  4:39:00,64] Neustart in 30s... 
[15.05.2026  4:39:30,30] --- Start #5 --- 
[15.05.2026  4:39:31,05] Beendet (exit=1, #5) 
[15.05.2026  4:39:31,05] Neustart in 30s... 
[15.05.2026  4:40:01,20] --- Start #6 --- 
[15.05.2026  4:40:01,71] Beendet (exit=1, #6) 
[15.05.2026  4:40:01,71] Neustart in 30s... 
[15.05.2026  4:40:31,13] --- Start #7 --- 
[15.05.2026  4:40:31,35] Beendet (exit=1, #7) 
[15.05.2026  4:40:31,35] Neustart in 30s... 
[15.05.2026  4:41:01,24] --- Start #8 --- 
[15.05.2026  4:41:02,00] Beendet (exit=1, #8) 
[15.05.2026  4:41:02,00] Neustart in 30s... 
[15.05.2026  4:41:32,18] --- Start #9 --- 
[15.05.2026  4:41:32,49] Beendet (exit=1, #9) 
[15.05.2026  4:41:32,52] Neustart in 30s... 
[15.05.2026  4:42:02,23] --- Start #10 --- 
[15.05.2026  4:42:02,57] Beendet (exit=1, #10) 
[15.05.2026  4:42:02,57] Neustart in 30s... 
[15.05.2026  4:42:32,21] --- Start #11 --- 
[15.05.2026  4:42:32,51] Beendet (exit=1, #11) 
[15.05.2026  4:42:32,51] Neustart in 30s... 
[15.05.2026  4:43:02,19] --- Start #12 --- 
[15.05.2026  4:43:02,50] Beendet (exit=1, #12) 
[15.05.2026  4:43:02,51] Neustart in 30s... 
[15.05.2026  4:43:32,23] --- Start #13 --- 
[15.05.2026  4:43:33,66] Beendet (exit=1, #13) 
[15.05.2026  4:43:33,66] Neustart in 30s... 
[15.05.2026  4:44:03,25] --- Start #14 --- 
[15.05.2026  4:44:04,11] Beendet (exit=1, #14) 
[15.05.2026  4:44:04,11] Neustart in 30s... 
[15.05.2026  4:44:34,15] --- Start #15 --- 
[15.05.2026  4:44:34,42] Beendet (exit=1, #15) 
[15.05.2026  4:44:34,43] Neustart in 30s... 
[15.05.2026  4:45:04,20] --- Start #16 --- 
[15.05.2026  4:45:05,67] Beendet (exit=1, #16) 
[15.05.2026  4:45:05,74] Neustart in 30s... 
[15.05.2026  4:45:35,20] --- Start #17 --- 
[15.05.2026  4:45:35,85] Beendet (exit=1, #17) 
[15.05.2026  4:45:35,85] Neustart in 30s... 
[15.05.2026  4:46:05,15] --- Start #18 --- 
[15.05.2026  4:46:05,50] Beendet (exit=1, #18) 
[15.05.2026  4:46:05,50] Neustart in 30s... 
[15.05.2026  4:46:35,23] --- Start #19 --- 
[15.05.2026  4:46:35,58] Beendet (exit=1, #19) 
[15.05.2026  4:46:35,59] Neustart in 30s... 
[15.05.2026  4:47:05,20] --- Start #20 --- 
[15.05.2026  4:47:05,50] Beendet (exit=1, #20) 
[15.05.2026  4:47:05,50] Neustart in 30s... 
[15.05.2026  4:47:35,25] --- Start #21 --- 
[15.05.2026  4:47:36,54] Beendet (exit=1, #21) 
[15.05.2026  4:47:36,54] Neustart in 30s... 
[15.05.2026  4:48:06,19] --- Start #22 --- 
[15.05.2026  4:48:06,58] Beendet (exit=1, #22) 
[15.05.2026  4:48:06,58] Neustart in 30s... 
[15.05.2026  4:48:36,17] --- Start #23 --- 
[15.05.2026  4:48:36,45] Beendet (exit=1, #23) 
[15.05.2026  4:48:36,45] Neustart in 30s... 
[15.05.2026  4:49:06,24] --- Start #24 --- 
[15.05.2026  4:49:06,48] Beendet (exit=1, #24) 
[15.05.2026  4:49:06,48] Neustart in 30s... 
[15.05.2026  4:49:36,17] --- Start #25 --- 
[15.05.2026  4:49:36,44] Beendet (exit=1, #25) 
[15.05.2026  4:49:36,44] Neustart in 30s... 
[15.05.2026  4:50:06,18] --- Start #26 --- 
[15.05.2026  4:50:06,65] Beendet (exit=1, #26) 
[15.05.2026  4:50:06,65] Neustart in 30s... 
[15.05.2026  4:50:36,16] --- Start #27 --- 
[15.05.2026  4:50:36,50] Beendet (exit=1, #27) 
[15.05.2026  4:50:36,50] Neustart in 30s... 
[15.05.2026  4:51:06,14] --- Start #28 --- 
[15.05.2026  4:51:06,60] Beendet (exit=1, #28) 
[15.05.2026  4:51:06,60] Neustart in 30s... 
[15.05.2026  4:51:36,22] --- Start #29 --- 
[15.05.2026  4:51:36,54] Beendet (exit=1, #29) 
[15.05.2026  4:51:36,55] Neustart in 30s... 
[15.05.2026  4:52:06,22] --- Start #30 --- 
[15.05.2026  4:52:06,51] Beendet (exit=1, #30) 
[15.05.2026  4:52:06,51] Neustart in 30s... 
[15.05.2026  4:52:36,22] --- Start #31 --- 
[15.05.2026  4:52:36,66] Beendet (exit=1, #31) 
[15.05.2026  4:52:36,66] Neustart in 30s... 
[15.05.2026  4:53:06,24] --- Start #32 --- 
[15.05.2026  4:53:06,50] Beendet (exit=1, #32) 
[15.05.2026  4:53:06,50] Neustart in 30s... 
[15.05.2026  4:53:36,23] --- Start #33 --- 
[15.05.2026  4:53:36,50] Beendet (exit=1, #33) 
[15.05.2026  4:53:36,50] Neustart in 30s... 
[15.05.2026  4:54:06,24] --- Start #34 --- 
[15.05.2026  4:54:06,64] Beendet (exit=1, #34) 
[15.05.2026  4:54:06,64] Neustart in 30s... 
[15.05.2026  4:54:36,16] --- Start #35 --- 
[15.05.2026  4:54:36,51] Beendet (exit=1, #35) 
[15.05.2026  4:54:36,51] Neustart in 30s... 
[15.05.2026  4:55:06,22] --- Start #36 --- 
[15.05.2026  4:55:06,52] Beendet (exit=1, #36) 
[15.05.2026  4:55:06,53] Neustart in 30s... 
[15.05.2026  4:55:36,15] --- Start #37 --- 
[15.05.2026  4:55:36,41] Beendet (exit=1, #37) 
[15.05.2026  4:55:36,42] Neustart in 30s... 
[15.05.2026  4:56:06,17] --- Start #38 --- 
[15.05.2026  4:56:06,46] Beendet (exit=1, #38) 
[15.05.2026  4:56:06,46] Neustart in 30s... 
[15.05.2026  4:56:36,19] --- Start #39 --- 
[15.05.2026  4:56:36,54] Beendet (exit=1, #39) 
[15.05.2026  4:56:36,54] Neustart in 30s... 
[15.05.2026  4:57:06,17] --- Start #40 --- 
[15.05.2026  4:57:06,45] Beendet (exit=1, #40) 
[15.05.2026  4:57:06,45] Neustart in 30s... 
[15.05.2026  4:57:36,16] --- Start #41 --- 
[15.05.2026  4:57:36,40] Beendet (exit=1, #41) 
[15.05.2026  4:57:36,41] Neustart in 30s... 
[15.05.2026  4:58:06,16] --- Start #42 --- 
[15.05.2026  4:58:06,50] Beendet (exit=1, #42) 
[15.05.2026  4:58:06,50] Neustart in 30s... 
[15.05.2026  4:58:36,22] --- Start #43 --- 
[15.05.2026  4:58:36,48] Beendet (exit=1, #43) 
[15.05.2026  4:58:36,49] Neustart in 30s... 
[15.05.2026  4:59:06,31] --- Start #44 --- 
[15.05.2026  4:59:07,46] Beendet (exit=1, #44) 
[15.05.2026  4:59:07,50] Neustart in 30s... 
[15.05.2026  4:59:37,16] --- Start #45 --- 
[15.05.2026  4:59:37,47] Beendet (exit=1, #45) 
[15.05.2026  4:59:37,47] Neustart in 30s... 
[15.05.2026  5:00:07,26] --- Start #46 --- 
[15.05.2026  5:00:08,11] Beendet (exit=1, #46) 
[15.05.2026  5:00:08,12] Neustart in 30s... 
[15.05.2026  5:00:38,20] --- Start #47 --- 
[15.05.2026  5:00:38,47] Beendet (exit=1, #47) 
[15.05.2026  5:00:38,47] Neustart in 30s... 
[15.05.2026  5:01:08,23] --- Start #48 --- 
[15.05.2026  5:01:08,46] Beendet (exit=1, #48) 
[15.05.2026  5:01:08,46] Neustart in 30s... 
[15.05.2026  5:01:38,19] --- Start #49 --- 
[15.05.2026  5:01:38,49] Beendet (exit=1, #49) 
[15.05.2026  5:01:38,49] Neustart in 30s... 
[15.05.2026  5:02:08,22] --- Start #50 --- 
[15.05.2026  5:02:09,44] Beendet (exit=1, #50) 
[15.05.2026  5:02:09,55] Max Restarts - Pause 10 Min 
[15.05.2026  5:12:09,16] Neustart in 30s... 
[15.05.2026  5:12:39,17] --- Start #1 --- 
[15.05.2026  5:12:39,53] Beendet (exit=1, #1) 
[15.05.2026  5:12:39,53] Neustart in 30s... 
[15.05.2026  5:13:09,21] --- Start #2 --- 
[15.05.2026  5:13:09,48] Beendet (exit=1, #2) 
[15.05.2026  5:13:09,48] Neustart in 30s... 
[15.05.2026  5:13:39,21] --- Start #3 --- 
[15.05.2026  5:13:39,50] Beendet (exit=1, #3) 
[15.05.2026  5:13:39,51] Neustart in 30s... 
[15.05.2026  5:14:09,22] --- Start #4 --- 
[15.05.2026  5:14:09,57] Beendet (exit=1, #4) 
[15.05.2026  5:14:09,58] Neustart in 30s... 
[15.05.2026  5:14:39,25] --- Start #5 --- 
[15.05.2026  5:14:39,50] Beendet (exit=1, #5) 
[15.05.2026  5:14:39,50] Neustart in 30s... 
[15.05.2026  5:15:09,19] --- Start #6 --- 
[15.05.2026  5:15:09,50] Beendet (exit=1, #6) 
[15.05.2026  5:15:09,50] Neustart in 30s... 
[15.05.2026  5:15:39,22] --- Start #7 --- 
[15.05.2026  5:15:39,54] Beendet (exit=1, #7) 
[15.05.2026  5:15:39,55] Neustart in 30s... 
[15.05.2026  5:16:09,15] --- Start #8 --- 
[15.05.2026  5:16:09,44] Beendet (exit=1, #8) 
[15.05.2026  5:16:09,44] Neustart in 30s... 
[15.05.2026  5:16:39,15] --- Start #9 --- 
[15.05.2026  5:16:39,52] Beendet (exit=1, #9) 
[15.05.2026  5:16:39,52] Neustart in 30s... 
[15.05.2026  5:17:09,23] --- Start #10 --- 
[15.05.2026  5:17:09,54] Beendet (exit=1, #10) 
[15.05.2026  5:17:09,54] Neustart in 30s... 
[15.05.2026  5:17:39,22] --- Start #11 --- 
[15.05.2026  5:17:39,56] Beendet (exit=1, #11) 
[15.05.2026  5:17:39,56] Neustart in 30s... 
[15.05.2026  5:18:09,21] --- Start #12 --- 
[15.05.2026  5:18:09,49] Beendet (exit=1, #12) 
[15.05.2026  5:18:09,49] Neustart in 30s... 
[15.05.2026  5:18:39,13] --- Start #13 --- 
[15.05.2026  5:18:39,47] Beendet (exit=1, #13) 
[15.05.2026  5:18:39,47] Neustart in 30s... 
[15.05.2026  5:19:09,18] --- Start #14 --- 
[15.05.2026  5:19:09,39] Beendet (exit=1, #14) 
[15.05.2026  5:19:09,39] Neustart in 30s... 
[15.05.2026  5:19:39,15] --- Start #15 --- 
[15.05.2026  5:19:39,59] Beendet (exit=1, #15) 
[15.05.2026  5:19:39,59] Neustart in 30s... 
[15.05.2026  5:20:09,16] --- Start #16 --- 
[15.05.2026  5:20:09,45] Beendet (exit=1, #16) 
[15.05.2026  5:20:09,45] Neustart in 30s... 
[15.05.2026  5:20:39,24] --- Start #17 --- 
[15.05.2026  5:20:39,55] Beendet (exit=1, #17) 
[15.05.2026  5:20:39,55] Neustart in 30s... 
[15.05.2026  5:21:09,25] --- Start #18 --- 
[15.05.2026  5:21:09,56] Beendet (exit=1, #18) 
[15.05.2026  5:21:09,56] Neustart in 30s... 
[15.05.2026  5:21:39,30] --- Start #19 --- 
[15.05.2026  5:21:39,63] Beendet (exit=1, #19) 
[15.05.2026  5:21:39,63] Neustart in 30s... 
[15.05.2026  5:22:09,23] --- Start #20 --- 
[15.05.2026  5:22:09,54] Beendet (exit=1, #20) 
[15.05.2026  5:22:09,54] Neustart in 30s... 
[15.05.2026  5:22:39,13] --- Start #21 --- 
[15.05.2026  5:22:39,62] Beendet (exit=1, #21) 
[15.05.2026  5:22:39,62] Neustart in 30s... 
[15.05.2026  5:23:09,23] --- Start #22 --- 
[15.05.2026  5:23:09,54] Beendet (exit=1, #22) 
[15.05.2026  5:23:09,54] Neustart in 30s... 
[15.05.2026  5:23:39,25] --- Start #23 --- 
[15.05.2026  5:23:39,60] Beendet (exit=1, #23) 
[15.05.2026  5:23:39,61] Neustart in 30s... 
[15.05.2026  5:24:09,21] --- Start #24 --- 
[15.05.2026  5:24:09,56] Beendet (exit=1, #24) 
[15.05.2026  5:24:09,56] Neustart in 30s... 
[15.05.2026  5:24:39,15] --- Start #25 --- 
[15.05.2026  5:24:39,46] Beendet (exit=1, #25) 
[15.05.2026  5:24:39,46] Neustart in 30s... 
[15.05.2026  5:25:09,17] --- Start #26 --- 
[15.05.2026  5:25:09,47] Beendet (exit=1, #26) 
[15.05.2026  5:25:09,47] Neustart in 30s... 
[15.05.2026  5:25:39,15] --- Start #27 --- 
[15.05.2026  5:25:39,48] Beendet (exit=1, #27) 
[15.05.2026  5:25:39,49] Neustart in 30s... 
[15.05.2026  5:26:09,23] --- Start #28 --- 
[15.05.2026  5:26:09,47] Beendet (exit=1, #28) 
[15.05.2026  5:26:09,47] Neustart in 30s... 
[15.05.2026  5:26:39,15] --- Start #29 --- 
[15.05.2026  5:26:39,45] Beendet (exit=1, #29) 
[15.05.2026  5:26:39,45] Neustart in 30s... 
[15.05.2026  5:27:09,15] --- Start #30 --- 
[15.05.2026  5:27:09,42] Beendet (exit=1, #30) 
[15.05.2026  5:27:09,42] Neustart in 30s... 
[15.05.2026  5:27:39,23] --- Start #31 --- 
[15.05.2026  5:27:39,55] Beendet (exit=1, #31) 
[15.05.2026  5:27:39,56] Neustart in 30s... 
[15.05.2026  5:28:09,16] --- Start #32 --- 
[15.05.2026  5:28:09,44] Beendet (exit=1, #32) 
[15.05.2026  5:28:09,44] Neustart in 30s... 
[15.05.2026  5:28:39,14] --- Start #33 --- 
[15.05.2026  5:28:39,44] Beendet (exit=1, #33) 
[15.05.2026  5:28:39,44] Neustart in 30s... 
[15.05.2026  5:29:09,16] --- Start #34 --- 
[15.05.2026  5:29:10,15] Beendet (exit=1, #34) 
[15.05.2026  5:29:10,18] Neustart in 30s... 
[15.05.2026  5:29:40,24] --- Start #35 --- 
[15.05.2026  5:29:40,62] Beendet (exit=1, #35) 
[15.05.2026  5:29:40,62] Neustart in 30s... 
[15.05.2026  5:30:10,18] --- Start #36 --- 
[15.05.2026  5:30:10,81] Beendet (exit=1, #36) 
[15.05.2026  5:30:10,84] Neustart in 30s... 
[15.05.2026  5:30:40,16] --- Start #37 --- 
[15.05.2026  5:30:40,57] Beendet (exit=1, #37) 
[15.05.2026  5:30:40,57] Neustart in 30s... 
[15.05.2026  5:31:10,19] --- Start #38 --- 
[15.05.2026  5:31:10,58] Beendet (exit=1, #38) 
[15.05.2026  5:31:10,58] Neustart in 30s... 
[15.05.2026  5:31:40,19] --- Start #39 --- 
[15.05.2026  5:31:40,56] Beendet (exit=1, #39) 
[15.05.2026  5:31:40,56] Neustart in 30s... 
[15.05.2026  5:32:10,19] --- Start #40 --- 
[15.05.2026  5:32:11,20] Beendet (exit=1, #40) 
[15.05.2026  5:32:11,23] Neustart in 30s... 
[15.05.2026  5:32:41,22] --- Start #41 --- 
[15.05.2026  5:32:41,62] Beendet (exit=1, #41) 
[15.05.2026  5:32:41,63] Neustart in 30s... 
[15.05.2026  5:33:11,20] --- Start #42 --- 
[15.05.2026  5:33:11,61] Beendet (exit=1, #42) 
[15.05.2026  5:33:11,61] Neustart in 30s... 
[15.05.2026  5:33:41,23] --- Start #43 --- 
[15.05.2026  5:33:41,53] Beendet (exit=1, #43) 
[15.05.2026  5:33:41,53] Neustart in 30s... 
[15.05.2026  5:34:11,24] --- Start #44 --- 
[15.05.2026  5:34:11,53] Beendet (exit=1, #44) 
[15.05.2026  5:34:11,53] Neustart in 30s... 
[15.05.2026  5:34:41,15] --- Start #45 --- 
[15.05.2026  5:34:41,63] Beendet (exit=1, #45) 
[15.05.2026  5:34:41,63] Neustart in 30s... 
[15.05.2026  5:35:11,24] --- Start #46 --- 
[15.05.2026  5:35:11,62] Beendet (exit=1, #46) 
[15.05.2026  5:35:11,62] Neustart in 30s... 
[15.05.2026  5:35:41,21] --- Start #47 --- 
[15.05.2026  5:35:41,88] Beendet (exit=1, #47) 
[15.05.2026  5:35:41,88] Neustart in 30s... 
[15.05.2026  5:36:11,15] --- Start #48 --- 
[15.05.2026  5:36:11,73] Beendet (exit=1, #48) 
[15.05.2026  5:36:11,73] Neustart in 30s... 
[15.05.2026  5:36:41,16] --- Start #49 --- 
[15.05.2026  5:36:41,66] Beendet (exit=1, #49) 
[15.05.2026  5:36:41,66] Neustart in 30s... 
[15.05.2026  5:37:11,20] --- Start #50 --- 
[15.05.2026  5:37:14,32] Beendet (exit=1, #50) 
[15.05.2026  5:37:14,45] Max Restarts - Pause 10 Min 
[15.05.2026  5:47:14,24] Neustart in 30s... 
[15.05.2026  5:47:44,21] --- Start #1 --- 
[15.05.2026  5:47:45,40] Beendet (exit=1, #1) 
[15.05.2026  5:47:45,41] Neustart in 30s... 
[15.05.2026  5:48:15,26] --- Start #2 --- 
[15.05.2026  5:48:16,24] Beendet (exit=1, #2) 
[15.05.2026  5:48:16,24] Neustart in 30s... 
[15.05.2026  5:48:46,22] --- Start #3 --- 
[15.05.2026  5:48:46,50] Beendet (exit=1, #3) 
[15.05.2026  5:48:46,50] Neustart in 30s... 
[15.05.2026  5:49:16,20] --- Start #4 --- 
[15.05.2026  5:49:16,61] Beendet (exit=1, #4) 
[15.05.2026  5:49:16,61] Neustart in 30s... 
[15.05.2026  5:49:46,18] --- Start #5 --- 
[15.05.2026  5:49:46,47] Beendet (exit=1, #5) 
[15.05.2026  5:49:46,48] Neustart in 30s... 
[15.05.2026  5:50:16,16] --- Start #6 --- 
[15.05.2026  5:50:16,54] Beendet (exit=1, #6) 
[15.05.2026  5:50:16,55] Neustart in 30s... 
[15.05.2026  5:50:46,17] --- Start #7 --- 
[15.05.2026  5:50:46,50] Beendet (exit=1, #7) 
[15.05.2026  5:50:46,50] Neustart in 30s... 
[15.05.2026  5:51:16,22] --- Start #8 --- 
[15.05.2026  5:51:16,58] Beendet (exit=1, #8) 
[15.05.2026  5:51:16,59] Neustart in 30s... 
[15.05.2026  5:51:46,19] --- Start #9 --- 
[15.05.2026  5:51:46,46] Beendet (exit=1, #9) 
[15.05.2026  5:51:46,46] Neustart in 30s... 
[15.05.2026  5:52:16,15] --- Start #10 --- 
[15.05.2026  5:52:16,43] Beendet (exit=1, #10) 
[15.05.2026  5:52:16,43] Neustart in 30s... 
[15.05.2026  5:52:46,20] --- Start #11 --- 
[15.05.2026  5:52:46,56] Beendet (exit=1, #11) 
[15.05.2026  5:52:46,56] Neustart in 30s... 
[15.05.2026  5:53:16,14] --- Start #12 --- 
[15.05.2026  5:53:16,40] Beendet (exit=1, #12) 
[15.05.2026  5:53:16,41] Neustart in 30s... 
[15.05.2026  5:53:46,20] --- Start #13 --- 
[15.05.2026  5:53:46,47] Beendet (exit=1, #13) 
[15.05.2026  5:53:46,47] Neustart in 30s... 
[15.05.2026  5:54:16,19] --- Start #14 --- 
[15.05.2026  5:54:16,47] Beendet (exit=1, #14) 
[15.05.2026  5:54:16,48] Neustart in 30s... 
[15.05.2026  5:54:46,19] --- Start #15 --- 
[15.05.2026  5:54:46,61] Beendet (exit=1, #15) 
[15.05.2026  5:54:46,62] Neustart in 30s... 
[15.05.2026  5:55:16,13] --- Start #16 --- 
[15.05.2026  5:55:16,42] Beendet (exit=1, #16) 
[15.05.2026  5:55:16,43] Neustart in 30s... 
[15.05.2026  5:55:46,19] --- Start #17 --- 
[15.05.2026  5:55:46,47] Beendet (exit=1, #17) 
[15.05.2026  5:55:46,47] Neustart in 30s... 
[15.05.2026  5:56:16,17] --- Start #18 --- 
[15.05.2026  5:56:16,48] Beendet (exit=1, #18) 
[15.05.2026  5:56:16,48] Neustart in 30s... 
[15.05.2026  5:56:46,22] --- Start #19 --- 
[15.05.2026  5:56:46,56] Beendet (exit=1, #19) 
[15.05.2026  5:56:46,56] Neustart in 30s... 
[15.05.2026  5:57:16,20] --- Start #20 --- 
[15.05.2026  5:57:16,48] Beendet (exit=1, #20) 
[15.05.2026  5:57:16,49] Neustart in 30s... 
[15.05.2026  5:57:46,22] --- Start #21 --- 
[15.05.2026  5:57:46,56] Beendet (exit=1, #21) 
[15.05.2026  5:57:46,57] Neustart in 30s... 
[15.05.2026  5:58:16,19] --- Start #22 --- 
[15.05.2026  5:58:16,42] Beendet (exit=1, #22) 
[15.05.2026  5:58:16,42] Neustart in 30s... 
[15.05.2026  5:58:46,22] --- Start #23 --- 
[15.05.2026  5:58:46,70] Beendet (exit=1, #23) 
[15.05.2026  5:58:46,70] Neustart in 30s... 
[15.05.2026  5:59:16,17] --- Start #24 --- 
[15.05.2026  5:59:16,49] Beendet (exit=1, #24) 
[15.05.2026  5:59:16,49] Neustart in 30s... 
[15.05.2026  5:59:46,20] --- Start #25 --- 
[15.05.2026  5:59:46,52] Beendet (exit=1, #25) 
[15.05.2026  5:59:46,53] Neustart in 30s... 
[15.05.2026  6:00:16,29] --- Start #26 --- 
[15.05.2026  6:00:21,99] Beendet (exit=1, #26) 
[15.05.2026  6:00:22,17] Neustart in 30s... 
[15.05.2026  6:00:52,16] --- Start #27 --- 
[15.05.2026  6:00:52,80] Beendet (exit=1, #27) 
[15.05.2026  6:00:52,81] Neustart in 30s... 
[15.05.2026  6:01:22,20] --- Start #28 --- 
[15.05.2026  6:01:22,61] Beendet (exit=1, #28) 
[15.05.2026  6:01:22,61] Neustart in 30s... 
[15.05.2026  6:01:52,23] --- Start #29 --- 
[15.05.2026  6:01:53,04] Beendet (exit=1, #29) 
[15.05.2026  6:01:53,04] Neustart in 30s... 
[15.05.2026  6:02:23,18] --- Start #30 --- 
[15.05.2026  6:02:24,52] Beendet (exit=1, #30) 
[15.05.2026  6:02:24,52] Neustart in 30s... 
[15.05.2026  6:02:54,20] --- Start #31 --- 
[15.05.2026  6:02:55,05] Beendet (exit=1, #31) 
[15.05.2026  6:02:55,06] Neustart in 30s... 
[15.05.2026  6:03:25,14] --- Start #32 --- 
[15.05.2026  6:03:25,48] Beendet (exit=1, #32) 
[15.05.2026  6:03:25,49] Neustart in 30s... 
[15.05.2026  6:03:55,14] --- Start #33 --- 
[15.05.2026  6:03:55,50] Beendet (exit=1, #33) 
[15.05.2026  6:03:55,50] Neustart in 30s... 
[15.05.2026  6:04:25,19] --- Start #34 --- 
[15.05.2026  6:04:25,98] Beendet (exit=1, #34) 
[15.05.2026  6:04:26,08] Neustart in 30s... 
[15.05.2026  6:04:56,23] --- Start #35 --- 
[15.05.2026  6:04:57,36] Beendet (exit=1, #35) 
[15.05.2026  6:04:57,36] Neustart in 30s... 
[15.05.2026  6:05:27,14] --- Start #36 --- 
[15.05.2026  6:05:28,45] Beendet (exit=1, #36) 
[15.05.2026  6:05:28,45] Neustart in 30s... 
[15.05.2026  6:05:58,29] --- Start #37 --- 
[15.05.2026  6:06:00,30] Beendet (exit=1, #37) 
[15.05.2026  6:06:00,33] Neustart in 30s... 
[15.05.2026  6:06:30,18] --- Start #38 --- 
[15.05.2026  6:06:30,67] Beendet (exit=1, #38) 
[15.05.2026  6:06:30,67] Neustart in 30s... 
[15.05.2026  6:07:00,22] --- Start #39 --- 
[15.05.2026  6:07:02,05] Beendet (exit=1, #39) 
[15.05.2026  6:07:02,06] Neustart in 30s... 
[15.05.2026  6:07:32,19] --- Start #40 --- 
[15.05.2026  6:07:33,53] Beendet (exit=1, #40) 
[15.05.2026  6:07:33,54] Neustart in 30s... 
[15.05.2026  6:08:03,15] --- Start #41 --- 
[15.05.2026  6:08:03,57] Beendet (exit=1, #41) 
[15.05.2026  6:08:03,57] Neustart in 30s... 
[15.05.2026  6:08:33,23] --- Start #42 --- 
[15.05.2026  6:08:33,96] Beendet (exit=1, #42) 
[15.05.2026  6:08:33,96] Neustart in 30s... 
[15.05.2026  6:09:04,16] --- Start #43 --- 
[15.05.2026  6:09:04,63] Beendet (exit=1, #43) 
[15.05.2026  6:09:04,63] Neustart in 30s... 
[15.05.2026  6:09:34,23] --- Start #44 --- 
[15.05.2026  6:09:34,54] Beendet (exit=1, #44) 
[15.05.2026  6:09:34,54] Neustart in 30s... 
[15.05.2026  6:10:04,16] --- Start #45 --- 
[15.05.2026  6:10:04,79] Beendet (exit=1, #45) 
[15.05.2026  6:10:04,79] Neustart in 30s... 
[15.05.2026  6:10:34,22] --- Start #46 --- 
[15.05.2026  6:10:34,59] Beendet (exit=1, #46) 
[15.05.2026  6:10:34,59] Neustart in 30s... 
[15.05.2026  6:11:04,22] --- Start #47 --- 
[15.05.2026  6:11:04,57] Beendet (exit=1, #47) 
[15.05.2026  6:11:04,57] Neustart in 30s... 
[15.05.2026  6:11:34,21] --- Start #48 --- 
[15.05.2026  6:11:35,17] Beendet (exit=1, #48) 
[15.05.2026  6:11:35,17] Neustart in 30s... 
[15.05.2026  6:12:05,33] --- Start #49 --- 
[15.05.2026  6:12:06,76] Beendet (exit=1, #49) 
[15.05.2026  6:12:06,77] Neustart in 30s... 
[15.05.2026  6:12:36,19] --- Start #50 --- 
[15.05.2026  6:12:36,56] Beendet (exit=1, #50) 
[15.05.2026  6:12:36,56] Max Restarts - Pause 10 Min 
[15.05.2026  6:22:36,19] Neustart in 30s... 
[15.05.2026  6:23:06,16] --- Start #1 --- 
[15.05.2026  6:23:06,53] Beendet (exit=1, #1) 
[15.05.2026  6:23:06,53] Neustart in 30s... 
[15.05.2026  6:23:36,20] --- Start #2 --- 
[15.05.2026  6:23:36,51] Beendet (exit=1, #2) 
[15.05.2026  6:23:36,51] Neustart in 30s... 
[15.05.2026  6:24:06,18] --- Start #3 --- 
[15.05.2026  6:24:06,57] Beendet (exit=1, #3) 
[15.05.2026  6:24:06,57] Neustart in 30s... 
[15.05.2026  6:24:36,17] --- Start #4 --- 
[15.05.2026  6:24:36,52] Beendet (exit=1, #4) 
[15.05.2026  6:24:36,52] Neustart in 30s... 
[15.05.2026  6:25:06,19] --- Start #5 --- 
[15.05.2026  6:25:06,51] Beendet (exit=1, #5) 
[15.05.2026  6:25:06,51] Neustart in 30s... 
[15.05.2026  6:25:36,19] --- Start #6 --- 
[15.05.2026  6:25:36,53] Beendet (exit=1, #6) 
[15.05.2026  6:25:36,53] Neustart in 30s... 
[15.05.2026  6:26:06,15] --- Start #7 --- 
[15.05.2026  6:26:06,48] Beendet (exit=1, #7) 
[15.05.2026  6:26:06,48] Neustart in 30s... 
[15.05.2026  6:26:36,20] --- Start #8 --- 
[15.05.2026  6:26:36,50] Beendet (exit=1, #8) 
[15.05.2026  6:26:36,50] Neustart in 30s... 
[15.05.2026  6:27:06,17] --- Start #9 --- 
[15.05.2026  6:27:06,52] Beendet (exit=1, #9) 
[15.05.2026  6:27:06,52] Neustart in 30s... 
[15.05.2026  6:27:36,17] --- Start #10 --- 
[15.05.2026  6:27:36,56] Beendet (exit=1, #10) 
[15.05.2026  6:27:36,56] Neustart in 30s... 
[15.05.2026  6:28:06,23] --- Start #11 --- 
[15.05.2026  6:28:06,53] Beendet (exit=1, #11) 
[15.05.2026  6:28:06,53] Neustart in 30s... 
[15.05.2026  6:28:36,22] --- Start #12 --- 
[15.05.2026  6:28:36,54] Beendet (exit=1, #12) 
[15.05.2026  6:28:36,55] Neustart in 30s... 
[15.05.2026  6:29:06,18] --- Start #13 --- 
[15.05.2026  6:29:06,95] Beendet (exit=1, #13) 
[15.05.2026  6:29:06,98] Neustart in 30s... 
[15.05.2026  6:29:37,14] --- Start #14 --- 
[15.05.2026  6:29:37,46] Beendet (exit=1, #14) 
[15.05.2026  6:29:37,46] Neustart in 30s... 
[15.05.2026  6:30:07,22] --- Start #15 --- 
[15.05.2026  6:30:07,62] Beendet (exit=1, #15) 
[15.05.2026  6:30:07,63] Neustart in 30s... 
[15.05.2026  6:30:37,22] --- Start #16 --- 
[15.05.2026  6:30:37,52] Beendet (exit=1, #16) 
[15.05.2026  6:30:37,52] Neustart in 30s... 
[15.05.2026  6:31:07,22] --- Start #17 --- 
[15.05.2026  6:31:07,60] Beendet (exit=1, #17) 
[15.05.2026  6:31:07,60] Neustart in 30s... 
[15.05.2026  6:31:37,20] --- Start #18 --- 
[15.05.2026  6:31:37,53] Beendet (exit=1, #18) 
[15.05.2026  6:31:37,54] Neustart in 30s... 
[15.05.2026  6:32:07,20] --- Start #19 --- 
[15.05.2026  6:32:08,29] Beendet (exit=1, #19) 
[15.05.2026  6:32:08,29] Neustart in 30s... 
[15.05.2026  6:32:38,20] --- Start #20 --- 
[15.05.2026  6:32:38,59] Beendet (exit=1, #20) 
[15.05.2026  6:32:38,60] Neustart in 30s... 
[15.05.2026  6:33:08,17] --- Start #21 --- 
[15.05.2026  6:33:08,49] Beendet (exit=1, #21) 
[15.05.2026  6:33:08,50] Neustart in 30s... 
[15.05.2026  6:33:38,21] --- Start #22 --- 
[15.05.2026  6:33:38,65] Beendet (exit=1, #22) 
[15.05.2026  6:33:38,65] Neustart in 30s... 
[15.05.2026  6:34:08,14] --- Start #23 --- 
[15.05.2026  6:34:08,43] Beendet (exit=1, #23) 
[15.05.2026  6:34:08,43] Neustart in 30s... 
[15.05.2026  6:34:38,23] --- Start #24 --- 
[15.05.2026  6:34:38,65] Beendet (exit=1, #24) 
[15.05.2026  6:34:38,65] Neustart in 30s... 
[15.05.2026  6:35:08,15] --- Start #25 --- 
[15.05.2026  6:35:08,57] Beendet (exit=1, #25) 
[15.05.2026  6:35:08,57] Neustart in 30s... 
[15.05.2026  6:35:38,20] --- Start #26 --- 
[15.05.2026  6:35:38,55] Beendet (exit=1, #26) 
[15.05.2026  6:35:38,55] Neustart in 30s... 
[15.05.2026  6:36:08,15] --- Start #27 --- 
[15.05.2026  6:36:08,51] Beendet (exit=1, #27) 
[15.05.2026  6:36:08,52] Neustart in 30s... 
[15.05.2026  6:36:38,21] --- Start #28 --- 
[15.05.2026  6:36:38,51] Beendet (exit=1, #28) 
[15.05.2026  6:36:38,51] Neustart in 30s... 
[15.05.2026  6:37:08,25] --- Start #29 --- 
[15.05.2026  6:37:10,42] Beendet (exit=1, #29) 
[15.05.2026  6:37:10,43] Neustart in 30s... 
[15.05.2026  6:37:40,16] --- Start #30 --- 
[15.05.2026  6:37:40,62] Beendet (exit=1, #30) 
[15.05.2026  6:37:40,63] Neustart in 30s... 
[15.05.2026  6:38:10,23] --- Start #31 --- 
[15.05.2026  6:38:11,66] Beendet (exit=1, #31) 
[15.05.2026  6:38:11,69] Neustart in 30s... 
[15.05.2026  6:38:42,21] --- Start #32 --- 
[15.05.2026  6:38:42,73] Beendet (exit=1, #32) 
[15.05.2026  6:38:42,73] Neustart in 30s... 
[15.05.2026  6:39:12,19] --- Start #33 --- 
[15.05.2026  6:39:12,66] Beendet (exit=1, #33) 
[15.05.2026  6:39:12,66] Neustart in 30s... 
[15.05.2026  6:39:42,20] --- Start #34 --- 
[15.05.2026  6:39:42,54] Beendet (exit=1, #34) 
[15.05.2026  6:39:42,54] Neustart in 30s... 
[15.05.2026  6:40:12,28] --- Start #35 --- 
[15.05.2026  6:40:13,47] Beendet (exit=1, #35) 
[15.05.2026  6:40:13,47] Neustart in 30s... 
[15.05.2026  6:40:43,22] --- Start #36 --- 
[15.05.2026  6:40:43,51] Beendet (exit=1, #36) 
[15.05.2026  6:40:43,52] Neustart in 30s... 
[15.05.2026  6:41:13,19] --- Start #37 --- 
[15.05.2026  6:41:13,68] Beendet (exit=1, #37) 
[15.05.2026  6:41:13,68] Neustart in 30s... 
[15.05.2026  6:41:43,15] --- Start #38 --- 
[15.05.2026  6:41:43,55] Beendet (exit=1, #38) 
[15.05.2026  6:41:43,55] Neustart in 30s... 
[15.05.2026  6:42:13,22] --- Start #39 --- 
[15.05.2026  6:42:14,23] Beendet (exit=1, #39) 
[15.05.2026  6:42:14,23] Neustart in 30s... 
[15.05.2026  6:42:44,19] --- Start #40 --- 
[15.05.2026  6:42:45,47] Beendet (exit=1, #40) 
[15.05.2026  6:42:45,48] Neustart in 30s... 
[15.05.2026  6:43:15,19] --- Start #41 --- 
[15.05.2026  6:43:15,56] Beendet (exit=1, #41) 
[15.05.2026  6:43:15,56] Neustart in 30s... 
[15.05.2026  6:43:45,14] --- Start #42 --- 
[15.05.2026  6:43:45,50] Beendet (exit=1, #42) 
[15.05.2026  6:43:45,50] Neustart in 30s... 
[15.05.2026  6:44:15,19] --- Start #43 --- 
[15.05.2026  6:44:15,70] Beendet (exit=1, #43) 
[15.05.2026  6:44:15,71] Neustart in 30s... 
[15.05.2026  6:44:45,17] --- Start #44 --- 
[15.05.2026  6:44:46,00] Beendet (exit=1, #44) 
[15.05.2026  6:44:46,00] Neustart in 30s... 
[15.05.2026  6:45:16,39] --- Start #45 --- 
[15.05.2026  6:45:17,32] Beendet (exit=1, #45) 
[15.05.2026  6:45:17,33] Neustart in 30s... 
[15.05.2026  6:45:47,14] --- Start #46 --- 
[15.05.2026  6:45:47,64] Beendet (exit=1, #46) 
[15.05.2026  6:45:47,64] Neustart in 30s... 
[15.05.2026  6:46:17,24] --- Start #47 --- 
[15.05.2026  6:46:18,29] Beendet (exit=1, #47) 
[15.05.2026  6:46:18,30] Neustart in 30s... 
[15.05.2026  6:46:48,16] --- Start #48 --- 
[15.05.2026  6:46:48,49] Beendet (exit=1, #48) 
[15.05.2026  6:46:48,49] Neustart in 30s... 
[15.05.2026  6:47:18,20] --- Start #49 --- 
[15.05.2026  6:47:19,54] Beendet (exit=1, #49) 
[15.05.2026  6:47:19,54] Neustart in 30s... 
[15.05.2026  6:47:49,24] --- Start #50 --- 
[15.05.2026  6:47:49,62] Beendet (exit=1, #50) 
[15.05.2026  6:47:49,62] Max Restarts - Pause 10 Min 
[15.05.2026  6:57:49,23] Neustart in 30s... 
[15.05.2026  6:58:19,24] --- Start #1 --- 
[15.05.2026  6:58:19,53] Beendet (exit=1, #1) 
[15.05.2026  6:58:19,53] Neustart in 30s... 
[15.05.2026  6:58:49,16] --- Start #2 --- 
[15.05.2026  6:58:49,58] Beendet (exit=1, #2) 
[15.05.2026  6:58:49,58] Neustart in 30s... 
[15.05.2026  6:59:19,22] --- Start #3 --- 
[15.05.2026  6:59:19,56] Beendet (exit=1, #3) 
[15.05.2026  6:59:19,56] Neustart in 30s... 
[15.05.2026  6:59:49,21] --- Start #4 --- 
[15.05.2026  6:59:49,52] Beendet (exit=1, #4) 
[15.05.2026  6:59:49,52] Neustart in 30s... 
[15.05.2026  7:00:19,20] --- Start #5 --- 
[15.05.2026  7:00:19,95] Beendet (exit=1, #5) 
[15.05.2026  7:00:19,97] Neustart in 30s... 
[15.05.2026  7:00:50,21] --- Start #6 --- 
[15.05.2026  7:00:50,51] Beendet (exit=1, #6) 
[15.05.2026  7:00:50,52] Neustart in 30s... 
[15.05.2026  7:01:20,16] --- Start #7 --- 
[15.05.2026  7:01:20,55] Beendet (exit=1, #7) 
[15.05.2026  7:01:20,55] Neustart in 30s... 
[15.05.2026  7:01:50,23] --- Start #8 --- 
[15.05.2026  7:01:50,51] Beendet (exit=1, #8) 
[15.05.2026  7:01:50,51] Neustart in 30s... 
[15.05.2026  7:02:20,19] --- Start #9 --- 
[15.05.2026  7:02:21,06] Beendet (exit=1, #9) 
[15.05.2026  7:02:21,06] Neustart in 30s... 
[15.05.2026  7:02:51,16] --- Start #10 --- 
[15.05.2026  7:02:51,57] Beendet (exit=1, #10) 
[15.05.2026  7:02:51,57] Neustart in 30s... 
[15.05.2026  7:03:21,14] --- Start #11 --- 
[15.05.2026  7:03:21,46] Beendet (exit=1, #11) 
[15.05.2026  7:03:21,46] Neustart in 30s... 
[15.05.2026  7:03:51,19] --- Start #12 --- 
[15.05.2026  7:03:51,53] Beendet (exit=1, #12) 
[15.05.2026  7:03:51,53] Neustart in 30s... 
[15.05.2026  7:04:21,23] --- Start #13 --- 
[15.05.2026  7:04:21,58] Beendet (exit=1, #13) 
[15.05.2026  7:04:21,58] Neustart in 30s... 
[15.05.2026  7:04:51,14] --- Start #14 --- 
[15.05.2026  7:04:51,51] Beendet (exit=1, #14) 
[15.05.2026  7:04:51,51] Neustart in 30s... 
[15.05.2026  7:05:21,17] --- Start #15 --- 
[15.05.2026  7:05:21,56] Beendet (exit=1, #15) 
[15.05.2026  7:05:21,57] Neustart in 30s... 
[15.05.2026  7:05:51,18] --- Start #16 --- 
[15.05.2026  7:05:51,54] Beendet (exit=1, #16) 
[15.05.2026  7:05:51,55] Neustart in 30s... 
[15.05.2026  7:06:21,14] --- Start #17 --- 
[15.05.2026  7:06:21,42] Beendet (exit=1, #17) 
[15.05.2026  7:06:21,42] Neustart in 30s... 
[15.05.2026  7:06:51,17] --- Start #18 --- 
[15.05.2026  7:06:51,49] Beendet (exit=1, #18) 
[15.05.2026  7:06:51,50] Neustart in 30s... 
[15.05.2026  7:07:21,13] --- Start #19 --- 
[15.05.2026  7:07:21,55] Beendet (exit=1, #19) 
[15.05.2026  7:07:21,55] Neustart in 30s... 
[15.05.2026  7:07:51,13] --- Start #20 --- 
[15.05.2026  7:07:51,51] Beendet (exit=1, #20) 
[15.05.2026  7:07:51,51] Neustart in 30s... 
[15.05.2026  7:08:21,14] --- Start #21 --- 
[15.05.2026  7:08:21,55] Beendet (exit=1, #21) 
[15.05.2026  7:08:21,56] Neustart in 30s... 
[15.05.2026  7:08:51,20] --- Start #22 --- 
[15.05.2026  7:08:51,48] Beendet (exit=1, #22) 
[15.05.2026  7:08:51,48] Neustart in 30s... 
[15.05.2026  7:09:21,21] --- Start #23 --- 
[15.05.2026  7:09:21,62] Beendet (exit=1, #23) 
[15.05.2026  7:09:21,62] Neustart in 30s... 
[15.05.2026  7:09:51,14] --- Start #24 --- 
[15.05.2026  7:09:51,61] Beendet (exit=1, #24) 
[15.05.2026  7:09:51,62] Neustart in 30s... 
[15.05.2026  7:10:21,24] --- Start #25 --- 
[15.05.2026  7:10:21,61] Beendet (exit=1, #25) 
[15.05.2026  7:10:21,62] Neustart in 30s... 
[15.05.2026  7:10:51,13] --- Start #26 --- 
[15.05.2026  7:10:51,56] Beendet (exit=1, #26) 
[15.05.2026  7:10:51,57] Neustart in 30s... 
[15.05.2026  7:11:21,17] --- Start #27 --- 
[15.05.2026  7:11:21,51] Beendet (exit=1, #27) 
[15.05.2026  7:11:21,51] Neustart in 30s... 
[15.05.2026  7:11:51,15] --- Start #28 --- 
[15.05.2026  7:11:51,42] Beendet (exit=1, #28) 
[15.05.2026  7:11:51,42] Neustart in 30s... 
[15.05.2026  7:12:21,14] --- Start #29 --- 
[15.05.2026  7:12:21,40] Beendet (exit=1, #29) 
[15.05.2026  7:12:21,41] Neustart in 30s... 
[15.05.2026  7:12:51,16] --- Start #30 --- 
[15.05.2026  7:12:51,38] Beendet (exit=1, #30) 
[15.05.2026  7:12:51,38] Neustart in 30s... 
[15.05.2026  7:13:21,20] --- Start #31 --- 
[15.05.2026  7:13:21,51] Beendet (exit=1, #31) 
[15.05.2026  7:13:21,51] Neustart in 30s... 
[15.05.2026  7:13:51,15] --- Start #32 --- 
[15.05.2026  7:13:51,50] Beendet (exit=1, #32) 
[15.05.2026  7:13:51,50] Neustart in 30s... 
[15.05.2026  7:14:21,22] --- Start #33 --- 
[15.05.2026  7:14:21,60] Beendet (exit=1, #33) 
[15.05.2026  7:14:21,61] Neustart in 30s... 
[15.05.2026  7:14:51,24] --- Start #34 --- 
[15.05.2026  7:14:51,51] Beendet (exit=1, #34) 
[15.05.2026  7:14:51,51] Neustart in 30s... 
[15.05.2026  7:15:21,16] --- Start #35 --- 
[15.05.2026  7:15:21,53] Beendet (exit=1, #35) 
[15.05.2026  7:15:21,53] Neustart in 30s... 
[15.05.2026  7:15:51,15] --- Start #36 --- 
[15.05.2026  7:15:51,74] Beendet (exit=1, #36) 
[15.05.2026  7:15:51,74] Neustart in 30s... 
[15.05.2026  7:16:21,21] --- Start #37 --- 
[15.05.2026  7:16:21,51] Beendet (exit=1, #37) 
[15.05.2026  7:16:21,51] Neustart in 30s... 
[15.05.2026  7:16:51,21] --- Start #38 --- 
[15.05.2026  7:16:51,54] Beendet (exit=1, #38) 
[15.05.2026  7:16:51,54] Neustart in 30s... 
[15.05.2026  7:17:21,15] --- Start #39 --- 
[15.05.2026  7:17:21,64] Beendet (exit=1, #39) 
[15.05.2026  7:17:21,65] Neustart in 30s... 
[15.05.2026  7:17:51,13] --- Start #40 --- 
[15.05.2026  7:17:51,38] Beendet (exit=1, #40) 
[15.05.2026  7:17:51,39] Neustart in 30s... 
[15.05.2026  7:18:21,13] --- Start #41 --- 
[15.05.2026  7:18:21,37] Beendet (exit=1, #41) 
[15.05.2026  7:18:21,37] Neustart in 30s... 
[15.05.2026  7:18:51,23] --- Start #42 --- 
[15.05.2026  7:18:51,54] Beendet (exit=1, #42) 
[15.05.2026  7:18:51,54] Neustart in 30s... 
[15.05.2026  7:19:21,23] --- Start #43 --- 
[15.05.2026  7:19:21,55] Beendet (exit=1, #43) 
[15.05.2026  7:19:21,56] Neustart in 30s... 
[15.05.2026  7:19:51,19] --- Start #44 --- 
[15.05.2026  7:19:51,46] Beendet (exit=1, #44) 
[15.05.2026  7:19:51,46] Neustart in 30s... 
[15.05.2026  7:20:21,17] --- Start #45 --- 
[15.05.2026  7:20:21,59] Beendet (exit=1, #45) 
[15.05.2026  7:20:21,60] Neustart in 30s... 
[15.05.2026  7:20:51,21] --- Start #46 --- 
[15.05.2026  7:20:51,58] Beendet (exit=1, #46) 
[15.05.2026  7:20:51,59] Neustart in 30s... 
[15.05.2026  7:21:21,20] --- Start #47 --- 
[15.05.2026  7:21:21,81] Beendet (exit=1, #47) 
[15.05.2026  7:21:21,81] Neustart in 30s... 
[15.05.2026  7:21:51,13] --- Start #48 --- 
[15.05.2026  7:21:51,60] Beendet (exit=1, #48) 
[15.05.2026  7:21:51,60] Neustart in 30s... 
[15.05.2026  7:22:21,15] --- Start #49 --- 
[15.05.2026  7:22:21,55] Beendet (exit=1, #49) 
[15.05.2026  7:22:21,55] Neustart in 30s... 
[15.05.2026  7:22:51,15] --- Start #50 --- 
[15.05.2026  7:22:51,42] Beendet (exit=1, #50) 
[15.05.2026  7:22:51,42] Max Restarts - Pause 10 Min 
[15.05.2026  7:32:51,21] Neustart in 30s... 
[15.05.2026  7:33:21,21] --- Start #1 --- 
[15.05.2026  7:33:21,60] Beendet (exit=1, #1) 
[15.05.2026  7:33:21,60] Neustart in 30s... 
[15.05.2026  7:33:51,16] --- Start #2 --- 
[15.05.2026  7:33:51,55] Beendet (exit=1, #2) 
[15.05.2026  7:33:51,55] Neustart in 30s... 
[15.05.2026  7:34:21,15] --- Start #3 --- 
[15.05.2026  7:34:21,40] Beendet (exit=1, #3) 
[15.05.2026  7:34:21,40] Neustart in 30s... 
[15.05.2026  7:34:51,20] --- Start #4 --- 
[15.05.2026  7:34:52,01] Beendet (exit=1, #4) 
[15.05.2026  7:34:52,02] Neustart in 30s... 
[15.05.2026  7:35:22,14] --- Start #5 --- 
[15.05.2026  7:35:22,45] Beendet (exit=1, #5) 
[15.05.2026  7:35:22,45] Neustart in 30s... 
[15.05.2026  7:35:52,19] --- Start #6 --- 
[15.05.2026  7:35:52,53] Beendet (exit=1, #6) 
[15.05.2026  7:35:52,53] Neustart in 30s... 
[15.05.2026  7:36:22,40] --- Start #7 --- 
[15.05.2026  7:36:23,11] Beendet (exit=1, #7) 
[15.05.2026  7:36:23,13] Neustart in 30s... 
[15.05.2026  7:36:53,14] --- Start #8 --- 
[15.05.2026  7:36:53,52] Beendet (exit=1, #8) 
[15.05.2026  7:36:53,52] Neustart in 30s... 
[15.05.2026  7:37:23,20] --- Start #9 --- 
[15.05.2026  7:37:23,78] Beendet (exit=1, #9) 
[15.05.2026  7:37:23,78] Neustart in 30s... 
[15.05.2026  7:37:53,20] --- Start #10 --- 
[15.05.2026  7:37:53,56] Beendet (exit=1, #10) 
[15.05.2026  7:37:53,56] Neustart in 30s... 
[15.05.2026  7:38:23,18] --- Start #11 --- 
[15.05.2026  7:38:23,77] Beendet (exit=1, #11) 
[15.05.2026  7:38:23,77] Neustart in 30s... 
[15.05.2026  7:38:53,14] --- Start #12 --- 
[15.05.2026  7:38:53,70] Beendet (exit=1, #12) 
[15.05.2026  7:38:53,71] Neustart in 30s... 
[15.05.2026  7:39:23,13] --- Start #13 --- 
[15.05.2026  7:39:23,39] Beendet (exit=1, #13) 
[15.05.2026  7:39:23,39] Neustart in 30s... 
[15.05.2026  7:39:53,13] --- Start #14 --- 
[15.05.2026  7:39:53,41] Beendet (exit=1, #14) 
[15.05.2026  7:39:53,41] Neustart in 30s... 
[15.05.2026  7:40:23,22] --- Start #15 --- 
[15.05.2026  7:40:23,48] Beendet (exit=1, #15) 
[15.05.2026  7:40:23,48] Neustart in 30s... 
[15.05.2026  7:40:53,18] --- Start #16 --- 
[15.05.2026  7:40:53,46] Beendet (exit=1, #16) 
[15.05.2026  7:40:53,47] Neustart in 30s... 
[15.05.2026  7:41:23,13] --- Start #17 --- 
[15.05.2026  7:41:23,36] Beendet (exit=1, #17) 
[15.05.2026  7:41:23,37] Neustart in 30s... 
[15.05.2026  7:41:53,14] --- Start #18 --- 
[15.05.2026  7:41:53,39] Beendet (exit=1, #18) 
[15.05.2026  7:41:53,40] Neustart in 30s... 
[15.05.2026  7:42:23,21] --- Start #19 --- 
[15.05.2026  7:42:23,49] Beendet (exit=1, #19) 
[15.05.2026  7:42:23,50] Neustart in 30s... 
[15.05.2026  7:42:53,21] --- Start #20 --- 
[15.05.2026  7:42:53,48] Beendet (exit=1, #20) 
[15.05.2026  7:42:53,48] Neustart in 30s... 
[15.05.2026  7:43:23,15] --- Start #21 --- 
[15.05.2026  7:43:23,39] Beendet (exit=1, #21) 
[15.05.2026  7:43:23,39] Neustart in 30s... 
[15.05.2026  7:43:53,21] --- Start #22 --- 
[15.05.2026  7:43:53,80] Beendet (exit=1, #22) 
[15.05.2026  7:43:53,80] Neustart in 30s... 
[15.05.2026  7:44:23,16] --- Start #23 --- 
[15.05.2026  7:44:23,47] Beendet (exit=1, #23) 
[15.05.2026  7:44:23,48] Neustart in 30s... 
[15.05.2026  7:44:53,19] --- Start #24 --- 
[15.05.2026  7:44:53,43] Beendet (exit=1, #24) 
[15.05.2026  7:44:53,43] Neustart in 30s... 
[15.05.2026  7:45:23,16] --- Start #25 --- 
[15.05.2026  7:45:23,48] Beendet (exit=1, #25) 
[15.05.2026  7:45:23,48] Neustart in 30s... 
[15.05.2026  7:45:53,13] --- Start #26 --- 
[15.05.2026  7:45:53,41] Beendet (exit=1, #26) 
[15.05.2026  7:45:53,41] Neustart in 30s... 
[15.05.2026  7:46:23,21] --- Start #27 --- 
[15.05.2026  7:46:23,68] Beendet (exit=1, #27) 
[15.05.2026  7:46:23,68] Neustart in 30s... 
[15.05.2026  7:46:53,14] --- Start #28 --- 
[15.05.2026  7:46:53,37] Beendet (exit=1, #28) 
[15.05.2026  7:46:53,38] Neustart in 30s... 
[15.05.2026  7:47:23,12] --- Start #29 --- 
[15.05.2026  7:47:23,56] Beendet (exit=1, #29) 
[15.05.2026  7:47:23,56] Neustart in 30s... 
[15.05.2026  7:47:53,23] --- Start #30 --- 
[15.05.2026  7:47:53,65] Beendet (exit=1, #30) 
[15.05.2026  7:47:53,65] Neustart in 30s... 
[15.05.2026  7:48:23,19] --- Start #31 --- 
[15.05.2026  7:48:23,47] Beendet (exit=1, #31) 
[15.05.2026  7:48:23,47] Neustart in 30s... 
[15.05.2026  7:48:53,13] --- Start #32 --- 
[15.05.2026  7:48:53,41] Beendet (exit=1, #32) 
[15.05.2026  7:48:53,41] Neustart in 30s... 
[15.05.2026  7:49:23,15] --- Start #33 --- 
[15.05.2026  7:49:23,44] Beendet (exit=1, #33) 
[15.05.2026  7:49:23,45] Neustart in 30s... 
[15.05.2026  7:49:53,21] --- Start #34 --- 
[15.05.2026  7:49:53,55] Beendet (exit=1, #34) 
[15.05.2026  7:49:53,55] Neustart in 30s... 
[15.05.2026  7:50:23,17] --- Start #35 --- 
[15.05.2026  7:50:23,41] Beendet (exit=1, #35) 
[15.05.2026  7:50:23,41] Neustart in 30s... 
[15.05.2026  7:50:53,16] --- Start #36 --- 
[15.05.2026  7:50:53,46] Beendet (exit=1, #36) 
[15.05.2026  7:50:53,46] Neustart in 30s... 
[15.05.2026  7:51:23,22] --- Start #37 --- 
[15.05.2026  7:51:23,45] Beendet (exit=1, #37) 
[15.05.2026  7:51:23,45] Neustart in 30s... 
[15.05.2026  7:51:53,13] --- Start #38 --- 
[15.05.2026  7:51:53,35] Beendet (exit=1, #38) 
[15.05.2026  7:51:53,35] Neustart in 30s... 
[15.05.2026  7:52:23,17] --- Start #39 --- 
[15.05.2026  7:52:23,45] Beendet (exit=1, #39) 
[15.05.2026  7:52:23,45] Neustart in 30s... 
[15.05.2026  7:52:53,17] --- Start #40 --- 
[15.05.2026  7:52:53,48] Beendet (exit=1, #40) 
[15.05.2026  7:52:53,48] Neustart in 30s... 
[15.05.2026  7:53:23,21] --- Start #41 --- 
[15.05.2026  7:53:23,62] Beendet (exit=1, #41) 
[15.05.2026  7:53:23,62] Neustart in 30s... 
[15.05.2026  7:53:53,15] --- Start #42 --- 
[15.05.2026  7:53:53,42] Beendet (exit=1, #42) 
[15.05.2026  7:53:53,43] Neustart in 30s... 
[15.05.2026  7:54:23,17] --- Start #43 --- 
[15.05.2026  7:54:23,44] Beendet (exit=1, #43) 
[15.05.2026  7:54:23,44] Neustart in 30s... 
[15.05.2026  7:54:53,22] --- Start #44 --- 
[15.05.2026  7:54:53,81] Beendet (exit=1, #44) 
[15.05.2026  7:54:53,81] Neustart in 30s... 
[15.05.2026  7:55:23,12] --- Start #45 --- 
[15.05.2026  7:55:23,37] Beendet (exit=1, #45) 
[15.05.2026  7:55:23,37] Neustart in 30s... 
[15.05.2026  7:55:53,23] --- Start #46 --- 
[15.05.2026  7:55:53,48] Beendet (exit=1, #46) 
[15.05.2026  7:55:53,49] Neustart in 30s... 
[15.05.2026  7:56:23,18] --- Start #47 --- 
[15.05.2026  7:56:23,54] Beendet (exit=1, #47) 
[15.05.2026  7:56:23,54] Neustart in 30s... 
[15.05.2026  7:56:53,16] --- Start #48 --- 
[15.05.2026  7:56:53,41] Beendet (exit=1, #48) 
[15.05.2026  7:56:53,41] Neustart in 30s... 
[15.05.2026  7:57:23,17] --- Start #49 --- 
[15.05.2026  7:57:23,45] Beendet (exit=1, #49) 
[15.05.2026  7:57:23,45] Neustart in 30s... 
[15.05.2026  7:57:53,20] --- Start #50 --- 
[15.05.2026  7:57:53,45] Beendet (exit=1, #50) 
[15.05.2026  7:57:53,45] Max Restarts - Pause 10 Min 
[15.05.2026  8:07:53,16] Neustart in 30s... 
[15.05.2026  8:08:23,14] --- Start #1 --- 
[15.05.2026  8:08:23,47] Beendet (exit=1, #1) 
[15.05.2026  8:08:23,47] Neustart in 30s... 
[15.05.2026  8:08:53,18] --- Start #2 --- 
[15.05.2026  8:08:53,44] Beendet (exit=1, #2) 
[15.05.2026  8:08:53,45] Neustart in 30s... 
[15.05.2026  8:09:23,12] --- Start #3 --- 
[15.05.2026  8:09:23,37] Beendet (exit=1, #3) 
[15.05.2026  8:09:23,37] Neustart in 30s... 
[15.05.2026  8:09:53,20] --- Start #4 --- 
[15.05.2026  8:09:53,68] Beendet (exit=1, #4) 
[15.05.2026  8:09:53,68] Neustart in 30s... 
[15.05.2026  8:10:23,18] --- Start #5 --- 
[15.05.2026  8:10:23,53] Beendet (exit=1, #5) 
[15.05.2026  8:10:23,54] Neustart in 30s... 
[15.05.2026  8:10:53,19] --- Start #6 --- 
[15.05.2026  8:10:53,39] Beendet (exit=1, #6) 
[15.05.2026  8:10:53,39] Neustart in 30s... 
[15.05.2026  8:11:23,22] --- Start #7 --- 
[15.05.2026  8:11:23,58] Beendet (exit=1, #7) 
[15.05.2026  8:11:23,58] Neustart in 30s... 
[15.05.2026  8:11:53,21] --- Start #8 --- 
[15.05.2026  8:11:53,53] Beendet (exit=1, #8) 
[15.05.2026  8:11:53,53] Neustart in 30s... 
[15.05.2026  8:12:23,18] --- Start #9 --- 
[15.05.2026  8:12:23,51] Beendet (exit=1, #9) 
[15.05.2026  8:12:23,53] Neustart in 30s... 
[15.05.2026  8:12:53,12] --- Start #10 --- 
[15.05.2026  8:12:53,41] Beendet (exit=1, #10) 
[15.05.2026  8:12:53,42] Neustart in 30s... 
[15.05.2026  8:13:23,14] --- Start #11 --- 
[15.05.2026  8:13:23,49] Beendet (exit=1, #11) 
[15.05.2026  8:13:23,49] Neustart in 30s... 
[15.05.2026  8:13:53,18] --- Start #12 --- 
[15.05.2026  8:13:53,47] Beendet (exit=1, #12) 
[15.05.2026  8:13:53,47] Neustart in 30s... 
[15.05.2026  8:14:23,22] --- Start #13 --- 
[15.05.2026  8:14:23,50] Beendet (exit=1, #13) 
[15.05.2026  8:14:23,51] Neustart in 30s... 
[15.05.2026  8:14:53,15] --- Start #14 --- 
[15.05.2026  8:14:53,67] Beendet (exit=1, #14) 
[15.05.2026  8:14:53,68] Neustart in 30s... 
[15.05.2026  8:15:23,16] --- Start #15 --- 
[15.05.2026  8:15:23,47] Beendet (exit=1, #15) 
[15.05.2026  8:15:23,47] Neustart in 30s... 
[15.05.2026  8:15:53,14] --- Start #16 --- 
[15.05.2026  8:15:53,45] Beendet (exit=1, #16) 
[15.05.2026  8:15:53,45] Neustart in 30s... 
[15.05.2026  8:16:23,13] --- Start #17 --- 
[15.05.2026  8:16:23,44] Beendet (exit=1, #17) 
[15.05.2026  8:16:23,44] Neustart in 30s... 
[15.05.2026  8:16:53,22] --- Start #18 --- 
[15.05.2026  8:16:53,57] Beendet (exit=1, #18) 
[15.05.2026  8:16:53,57] Neustart in 30s... 
[15.05.2026  8:17:23,22] --- Start #19 --- 
[15.05.2026  8:17:23,50] Beendet (exit=1, #19) 
[15.05.2026  8:17:23,50] Neustart in 30s... 
[15.05.2026  8:17:53,14] --- Start #20 --- 
[15.05.2026  8:17:53,45] Beendet (exit=1, #20) 
[15.05.2026  8:17:53,46] Neustart in 30s... 
[15.05.2026  8:18:23,13] --- Start #21 --- 
[15.05.2026  8:18:23,54] Beendet (exit=1, #21) 
[15.05.2026  8:18:23,55] Neustart in 30s... 
[15.05.2026  8:18:53,22] --- Start #22 --- 
[15.05.2026  8:18:53,48] Beendet (exit=1, #22) 
[15.05.2026  8:18:53,48] Neustart in 30s... 
[15.05.2026  8:19:23,12] --- Start #23 --- 
[15.05.2026  8:19:23,38] Beendet (exit=1, #23) 
[15.05.2026  8:19:23,38] Neustart in 30s... 
[15.05.2026  8:19:53,13] --- Start #24 --- 
[15.05.2026  8:19:53,52] Beendet (exit=1, #24) 
[15.05.2026  8:19:53,53] Neustart in 30s... 
[15.05.2026  8:20:23,17] --- Start #25 --- 
[15.05.2026  8:20:23,42] Beendet (exit=1, #25) 
[15.05.2026  8:20:23,42] Neustart in 30s... 
[15.05.2026  8:20:53,20] --- Start #26 --- 
[15.05.2026  8:20:53,50] Beendet (exit=1, #26) 
[15.05.2026  8:20:53,51] Neustart in 30s... 
[15.05.2026  8:21:23,18] --- Start #27 --- 
[15.05.2026  8:21:23,46] Beendet (exit=1, #27) 
[15.05.2026  8:21:23,46] Neustart in 30s... 
[15.05.2026  8:21:53,12] --- Start #28 --- 
[15.05.2026  8:21:53,44] Beendet (exit=1, #28) 
[15.05.2026  8:21:53,44] Neustart in 30s... 
[15.05.2026  8:22:23,16] --- Start #29 --- 
[15.05.2026  8:22:23,51] Beendet (exit=1, #29) 
[15.05.2026  8:22:23,51] Neustart in 30s... 
[15.05.2026  8:22:53,14] --- Start #30 --- 
[15.05.2026  8:22:53,48] Beendet (exit=1, #30) 
[15.05.2026  8:22:53,48] Neustart in 30s... 
[15.05.2026  8:23:23,16] --- Start #31 --- 
[15.05.2026  8:23:23,48] Beendet (exit=1, #31) 
[15.05.2026  8:23:23,49] Neustart in 30s... 
[15.05.2026  8:23:53,17] --- Start #32 --- 
[15.05.2026  8:23:53,43] Beendet (exit=1, #32) 
[15.05.2026  8:23:53,43] Neustart in 30s... 
[15.05.2026  8:24:23,19] --- Start #33 --- 
[15.05.2026  8:24:23,45] Beendet (exit=1, #33) 
[15.05.2026  8:24:23,45] Neustart in 30s... 
[15.05.2026  8:24:53,21] --- Start #34 --- 
[15.05.2026  8:24:53,61] Beendet (exit=1, #34) 
[15.05.2026  8:24:53,61] Neustart in 30s... 
[15.05.2026  8:25:23,18] --- Start #35 --- 
[15.05.2026  8:25:23,50] Beendet (exit=1, #35) 
[15.05.2026  8:25:23,50] Neustart in 30s... 
[15.05.2026  8:25:53,12] --- Start #36 --- 
[15.05.2026  8:25:53,48] Beendet (exit=1, #36) 
[15.05.2026  8:25:53,48] Neustart in 30s... 
[15.05.2026  8:26:23,20] --- Start #37 --- 
[15.05.2026  8:26:23,49] Beendet (exit=1, #37) 
[15.05.2026  8:26:23,49] Neustart in 30s... 
[15.05.2026  8:26:53,17] --- Start #38 --- 
[15.05.2026  8:26:53,43] Beendet (exit=1, #38) 
[15.05.2026  8:26:53,43] Neustart in 30s... 
[15.05.2026  8:27:23,13] --- Start #39 --- 
[15.05.2026  8:27:23,39] Beendet (exit=1, #39) 
[15.05.2026  8:27:23,39] Neustart in 30s... 
[15.05.2026  8:27:53,19] --- Start #40 --- 
[15.05.2026  8:27:53,44] Beendet (exit=1, #40) 
[15.05.2026  8:27:53,44] Neustart in 30s... 
[15.05.2026  8:28:23,22] --- Start #41 --- 
[15.05.2026  8:28:23,71] Beendet (exit=1, #41) 
[15.05.2026  8:28:23,71] Neustart in 30s... 
[15.05.2026  8:28:53,22] --- Start #42 --- 
[15.05.2026  8:28:53,51] Beendet (exit=1, #42) 
[15.05.2026  8:28:53,51] Neustart in 30s... 
[15.05.2026  8:29:23,22] --- Start #43 --- 
[15.05.2026  8:29:23,72] Beendet (exit=1, #43) 
[15.05.2026  8:29:23,73] Neustart in 30s... 
[15.05.2026  8:29:53,15] --- Start #44 --- 
[15.05.2026  8:29:53,49] Beendet (exit=1, #44) 
[15.05.2026  8:29:53,49] Neustart in 30s... 
[15.05.2026  8:30:23,12] --- Start #45 --- 
[15.05.2026  8:30:23,43] Beendet (exit=1, #45) 
[15.05.2026  8:30:23,43] Neustart in 30s... 
[15.05.2026  8:30:53,12] --- Start #46 --- 
[15.05.2026  8:30:53,46] Beendet (exit=1, #46) 
[15.05.2026  8:30:53,46] Neustart in 30s... 
[15.05.2026  8:31:23,27] --- Start #47 --- 
[15.05.2026  8:31:24,81] Beendet (exit=1, #47) 
[15.05.2026  8:31:24,81] Neustart in 30s... 
[15.05.2026  8:31:54,16] --- Start #48 --- 
[15.05.2026  8:31:54,56] Beendet (exit=1, #48) 
[15.05.2026  8:31:54,56] Neustart in 30s... 
[15.05.2026  8:32:24,13] --- Start #49 --- 
[15.05.2026  8:32:24,53] Beendet (exit=1, #49) 
[15.05.2026  8:32:24,53] Neustart in 30s... 
[15.05.2026  8:32:54,12] --- Start #50 --- 
[15.05.2026  8:32:54,40] Beendet (exit=1, #50) 
[15.05.2026  8:32:54,40] Max Restarts - Pause 10 Min 
[15.05.2026  8:42:54,20] Neustart in 30s... 
[15.05.2026  8:43:24,19] --- Start #1 --- 
[15.05.2026  8:43:24,69] Beendet (exit=1, #1) 
[15.05.2026  8:43:24,69] Neustart in 30s... 
[15.05.2026  8:43:54,24] --- Start #2 --- 
[15.05.2026  8:43:55,30] Beendet (exit=1, #2) 
[15.05.2026  8:43:55,31] Neustart in 30s... 
[15.05.2026  8:44:25,19] --- Start #3 --- 
[15.05.2026  8:44:25,47] Beendet (exit=1, #3) 
[15.05.2026  8:44:25,47] Neustart in 30s... 
[15.05.2026  8:44:55,18] --- Start #4 --- 
[15.05.2026  8:44:55,88] Beendet (exit=1, #4) 
[15.05.2026  8:44:55,88] Neustart in 30s... 
[15.05.2026  8:45:25,23] --- Start #5 --- 
[15.05.2026  8:45:26,50] Beendet (exit=1, #5) 
[15.05.2026  8:45:26,51] Neustart in 30s... 
[15.05.2026  8:45:56,21] --- Start #6 --- 
[15.05.2026  8:45:57,41] Beendet (exit=1, #6) 
[15.05.2026  8:45:57,41] Neustart in 30s... 
[15.05.2026  8:46:27,18] --- Start #7 --- 
[15.05.2026  8:46:28,03] Beendet (exit=1, #7) 
[15.05.2026  8:46:28,03] Neustart in 30s... 
[15.05.2026  8:46:58,16] --- Start #8 --- 
[15.05.2026  8:46:58,73] Beendet (exit=1, #8) 
[15.05.2026  8:46:58,74] Neustart in 30s... 
[15.05.2026  8:47:28,20] --- Start #9 --- 
[15.05.2026  8:47:28,85] Beendet (exit=1, #9) 
[15.05.2026  8:47:28,85] Neustart in 30s... 
[15.05.2026  8:47:58,21] --- Start #10 --- 
[15.05.2026  8:47:58,93] Beendet (exit=1, #10) 
[15.05.2026  8:47:58,94] Neustart in 30s... 
[15.05.2026  8:48:29,19] --- Start #11 --- 
[15.05.2026  8:48:29,71] Beendet (exit=1, #11) 
[15.05.2026  8:48:29,74] Neustart in 30s... 
[15.05.2026  8:48:59,37] --- Start #12 --- 
[15.05.2026  8:49:00,53] Beendet (exit=1, #12) 
[15.05.2026  8:49:00,53] Neustart in 30s... 
[15.05.2026  8:49:30,32] --- Start #13 --- 
[15.05.2026  8:49:31,24] Beendet (exit=1, #13) 
[15.05.2026  8:49:31,24] Neustart in 30s... 
[15.05.2026  8:50:01,22] --- Start #14 --- 
[15.05.2026  8:50:02,04] Beendet (exit=1, #14) 
[15.05.2026  8:50:02,05] Neustart in 30s... 
[15.05.2026  8:50:32,41] --- Start #15 --- 
[15.05.2026  8:50:33,16] Beendet (exit=1, #15) 
[15.05.2026  8:50:33,16] Neustart in 30s... 
[15.05.2026  8:51:03,19] --- Start #16 --- 
[15.05.2026  8:51:03,60] Beendet (exit=1, #16) 
[15.05.2026  8:51:03,60] Neustart in 30s... 
[15.05.2026  8:51:33,16] --- Start #17 --- 
[15.05.2026  8:51:33,42] Beendet (exit=1, #17) 
[15.05.2026  8:51:33,42] Neustart in 30s... 
[15.05.2026  8:52:03,13] --- Start #18 --- 
[15.05.2026  8:52:03,67] Beendet (exit=1, #18) 
[15.05.2026  8:52:03,67] Neustart in 30s... 
[15.05.2026  8:52:33,13] --- Start #19 --- 
[15.05.2026  8:52:34,63] Beendet (exit=1, #19) 
[15.05.2026  8:52:34,70] Neustart in 30s... 
[15.05.2026  8:53:04,22] --- Start #20 --- 
[15.05.2026  8:53:04,69] Beendet (exit=1, #20) 
[15.05.2026  8:53:04,70] Neustart in 30s... 
[15.05.2026  8:53:34,19] --- Start #21 --- 
[15.05.2026  8:53:34,68] Beendet (exit=1, #21) 
[15.05.2026  8:53:34,69] Neustart in 30s... 
[15.05.2026  8:54:04,15] --- Start #22 --- 
[15.05.2026  8:54:04,54] Beendet (exit=1, #22) 
[15.05.2026  8:54:04,54] Neustart in 30s... 
[15.05.2026  8:54:34,14] --- Start #23 --- 
[15.05.2026  8:54:34,63] Beendet (exit=1, #23) 
[15.05.2026  8:54:34,64] Neustart in 30s... 
[15.05.2026  8:55:04,24] --- Start #24 --- 
[15.05.2026  8:55:05,22] Beendet (exit=1, #24) 
[15.05.2026  8:55:05,24] Neustart in 30s... 
[15.05.2026  8:55:35,19] --- Start #25 --- 
[15.05.2026  8:55:36,19] Beendet (exit=1, #25) 
[15.05.2026  8:55:36,19] Neustart in 30s... 
[15.05.2026  8:56:06,21] --- Start #26 --- 
[15.05.2026  8:56:06,59] Beendet (exit=1, #26) 
[15.05.2026  8:56:06,59] Neustart in 30s... 
[15.05.2026  8:56:36,34] --- Start #27 --- 
[15.05.2026  8:56:37,62] Beendet (exit=1, #27) 
[15.05.2026  8:56:37,68] Neustart in 30s... 
[15.05.2026  8:57:07,17] --- Start #28 --- 
[15.05.2026  8:57:08,35] Beendet (exit=1, #28) 
[15.05.2026  8:57:08,35] Neustart in 30s... 
[15.05.2026  8:57:38,19] --- Start #29 --- 
[15.05.2026  8:57:38,53] Beendet (exit=1, #29) 
[15.05.2026  8:57:38,53] Neustart in 30s... 
[15.05.2026  8:58:08,41] --- Start #30 --- 
[15.05.2026  8:58:09,30] Beendet (exit=1, #30) 
[15.05.2026  8:58:09,30] Neustart in 30s... 
[15.05.2026  8:58:39,25] --- Start #31 --- 
[15.05.2026  8:58:40,28] Beendet (exit=1, #31) 
[15.05.2026  8:58:40,29] Neustart in 30s... 
[15.05.2026  8:59:10,22] --- Start #32 --- 
[15.05.2026  8:59:10,65] Beendet (exit=1, #32) 
[15.05.2026  8:59:10,65] Neustart in 30s... 
[15.05.2026  8:59:40,23] --- Start #33 --- 
[15.05.2026  8:59:43,82] Beendet (exit=1, #33) 
[15.05.2026  8:59:43,82] Neustart in 30s... 
[15.05.2026  9:00:13,27] --- Start #34 --- 
[15.05.2026  9:00:16,56] Beendet (exit=1, #34) 
[15.05.2026  9:00:16,56] Neustart in 30s... 
[15.05.2026  9:00:46,29] --- Start #35 --- 
[15.05.2026  9:00:47,66] Beendet (exit=1, #35) 
[15.05.2026  9:00:47,66] Neustart in 30s... 
[15.05.2026  9:01:17,22] --- Start #36 --- 
[15.05.2026  9:01:18,50] Beendet (exit=1, #36) 
[15.05.2026  9:01:18,54] Neustart in 30s... 
[15.05.2026  9:01:48,20] --- Start #37 --- 
[15.05.2026  9:01:49,04] Beendet (exit=1, #37) 
[15.05.2026  9:01:49,04] Neustart in 30s... 
[15.05.2026  9:02:19,25] --- Start #38 --- 
[15.05.2026  9:02:20,19] Beendet (exit=1, #38) 
[15.05.2026  9:02:20,19] Neustart in 30s... 
[15.05.2026  9:02:50,19] --- Start #39 --- 
[15.05.2026  9:02:50,64] Beendet (exit=1, #39) 
[15.05.2026  9:02:50,64] Neustart in 30s... 
[15.05.2026  9:03:20,24] --- Start #40 --- 
[15.05.2026  9:03:21,44] Beendet (exit=1, #40) 
[15.05.2026  9:03:21,53] Neustart in 30s... 
[15.05.2026  9:03:51,14] --- Start #41 --- 
[15.05.2026  9:03:51,73] Beendet (exit=1, #41) 
[15.05.2026  9:03:51,73] Neustart in 30s... 
[15.05.2026  9:04:21,20] --- Start #42 --- 
[15.05.2026  9:04:22,33] Beendet (exit=1, #42) 
[15.05.2026  9:04:22,33] Neustart in 30s... 
[15.05.2026  9:04:52,15] --- Start #43 --- 
[15.05.2026  9:04:52,62] Beendet (exit=1, #43) 
[15.05.2026  9:04:52,62] Neustart in 30s... 
[15.05.2026  9:05:22,22] --- Start #44 --- 
[15.05.2026  9:05:23,41] Beendet (exit=1, #44) 
[15.05.2026  9:05:23,42] Neustart in 30s... 
[15.05.2026  9:05:53,20] --- Start #45 --- 
[15.05.2026  9:05:56,26] Beendet (exit=1, #45) 
[15.05.2026  9:05:56,46] Neustart in 30s... 
[15.05.2026  9:06:26,34] --- Start #46 --- 
[15.05.2026  9:06:28,18] Beendet (exit=1, #46) 
[15.05.2026  9:06:28,23] Neustart in 30s... 
[15.05.2026  9:06:58,14] --- Start #47 --- 
[15.05.2026  9:06:59,74] Beendet (exit=1, #47) 
[15.05.2026  9:06:59,75] Neustart in 30s... 
[15.05.2026  9:07:29,17] --- Start #48 --- 
[15.05.2026  9:07:30,57] Beendet (exit=1, #48) 
[15.05.2026  9:07:30,57] Neustart in 30s... 
[15.05.2026  9:08:00,16] --- Start #49 --- 
[15.05.2026  9:08:01,76] Beendet (exit=1, #49) 
[15.05.2026  9:08:01,76] Neustart in 30s... 
[15.05.2026  9:08:31,17] --- Start #50 --- 
[15.05.2026  9:08:32,05] Beendet (exit=1, #50) 
[15.05.2026  9:08:32,06] Max Restarts - Pause 10 Min 
[15.05.2026  9:18:32,45] Neustart in 30s... 
[15.05.2026  9:19:02,15] --- Start #1 --- 
[15.05.2026  9:19:02,62] Beendet (exit=1, #1) 
[15.05.2026  9:19:02,63] Neustart in 30s... 
[15.05.2026  9:19:32,45] --- Start #2 --- 
[15.05.2026  9:19:34,03] Beendet (exit=1, #2) 
[15.05.2026  9:19:34,03] Neustart in 30s... 
[15.05.2026  9:20:04,19] --- Start #3 --- 
[15.05.2026  9:20:04,73] Beendet (exit=1, #3) 
[15.05.2026  9:20:04,73] Neustart in 30s... 
[15.05.2026  9:20:34,23] --- Start #4 --- 
[15.05.2026  9:20:36,11] Beendet (exit=1, #4) 
[15.05.2026  9:20:36,11] Neustart in 30s... 
[15.05.2026  9:21:06,34] --- Start #5 --- 
[15.05.2026  9:21:07,32] Beendet (exit=1, #5) 
[15.05.2026  9:21:07,32] Neustart in 30s... 
[15.05.2026  9:21:37,56] --- Start #6 --- 
[15.05.2026  9:21:39,46] Beendet (exit=1, #6) 
[15.05.2026  9:21:39,47] Neustart in 30s... 
[15.05.2026  9:22:09,34] --- Start #7 --- 
[15.05.2026  9:22:11,03] Beendet (exit=1, #7) 
[15.05.2026  9:22:11,05] Neustart in 30s... 
[15.05.2026  9:22:41,16] --- Start #8 --- 
[15.05.2026  9:22:41,69] Beendet (exit=1, #8) 
[15.05.2026  9:22:41,69] Neustart in 30s... 
[15.05.2026  9:23:11,22] --- Start #9 --- 
[15.05.2026  9:23:11,87] Beendet (exit=1, #9) 
[15.05.2026  9:23:11,88] Neustart in 30s... 
[15.05.2026  9:23:41,24] --- Start #10 --- 
[15.05.2026  9:23:42,35] Beendet (exit=1, #10) 
[15.05.2026  9:23:42,35] Neustart in 30s... 
[15.05.2026  9:24:12,16] --- Start #11 --- 
[15.05.2026  9:24:12,49] Beendet (exit=1, #11) 
[15.05.2026  9:24:12,49] Neustart in 30s... 
[15.05.2026  9:24:42,21] --- Start #12 --- 
[15.05.2026  9:24:43,01] Beendet (exit=1, #12) 
[15.05.2026  9:24:43,01] Neustart in 30s... 
[15.05.2026  9:25:13,15] --- Start #13 --- 
[15.05.2026  9:25:13,51] Beendet (exit=1, #13) 
[15.05.2026  9:25:13,51] Neustart in 30s... 
[15.05.2026  9:25:43,25] --- Start #14 --- 
[15.05.2026  9:25:44,22] Beendet (exit=1, #14) 
[15.05.2026  9:25:44,22] Neustart in 30s... 
[15.05.2026  9:26:14,29] --- Start #15 --- 
[15.05.2026  9:26:15,45] Beendet (exit=1, #15) 
[15.05.2026  9:26:15,48] Neustart in 30s... 
[15.05.2026  9:26:45,15] --- Start #16 --- 
[15.05.2026  9:26:45,85] Beendet (exit=1, #16) 
[15.05.2026  9:26:45,86] Neustart in 30s... 
[15.05.2026  9:27:15,25] --- Start #17 --- 
[15.05.2026  9:27:16,52] Beendet (exit=1, #17) 
[15.05.2026  9:27:16,53] Neustart in 30s... 
[15.05.2026  9:27:46,22] --- Start #18 --- 
[15.05.2026  9:27:46,61] Beendet (exit=1, #18) 
[15.05.2026  9:27:46,61] Neustart in 30s... 
[15.05.2026  9:28:16,23] --- Start #19 --- 
[15.05.2026  9:28:16,86] Beendet (exit=1, #19) 
[15.05.2026  9:28:16,87] Neustart in 30s... 
[15.05.2026  9:28:46,15] --- Start #20 --- 
[15.05.2026  9:28:46,59] Beendet (exit=1, #20) 
[15.05.2026  9:28:46,59] Neustart in 30s... 
[15.05.2026  9:29:16,21] --- Start #21 --- 
[15.05.2026  9:29:18,43] Beendet (exit=1, #21) 
[15.05.2026  9:29:18,43] Neustart in 30s... 
[15.05.2026  9:29:48,23] --- Start #22 --- 
[15.05.2026  9:29:48,72] Beendet (exit=1, #22) 
[15.05.2026  9:29:48,73] Neustart in 30s... 
[15.05.2026  9:30:18,19] --- Start #23 --- 
[15.05.2026  9:30:18,76] Beendet (exit=1, #23) 
[15.05.2026  9:30:18,77] Neustart in 30s... 
[15.05.2026  9:30:48,29] --- Start #24 --- 
[15.05.2026  9:30:49,51] Beendet (exit=1, #24) 
[15.05.2026  9:30:49,52] Neustart in 30s... 
[15.05.2026  9:31:19,29] --- Start #25 --- 
[15.05.2026  9:31:20,79] Beendet (exit=1, #25) 
[15.05.2026  9:31:20,79] Neustart in 30s... 
[15.05.2026  9:31:50,24] --- Start #26 --- 
[15.05.2026  9:31:51,76] Beendet (exit=1, #26) 
[15.05.2026  9:31:51,88] Neustart in 30s... 
[15.05.2026  9:32:22,54] --- Start #27 --- 
[15.05.2026  9:32:27,34] Beendet (exit=1, #27) 
[15.05.2026  9:32:27,36] Neustart in 30s... 
[15.05.2026  9:32:57,32] --- Start #28 --- 
[15.05.2026  9:32:59,47] Beendet (exit=1, #28) 
[15.05.2026  9:32:59,48] Neustart in 30s... 
[15.05.2026  9:33:29,25] --- Start #29 --- 
[15.05.2026  9:33:30,55] Beendet (exit=1, #29) 
[15.05.2026  9:33:30,55] Neustart in 30s... 
[15.05.2026  9:34:00,19] --- Start #30 --- 
[15.05.2026  9:34:00,64] Beendet (exit=1, #30) 
[15.05.2026  9:34:00,64] Neustart in 30s... 
[15.05.2026  9:34:30,17] --- Start #31 --- 
[15.05.2026  9:34:30,48] Beendet (exit=1, #31) 
[15.05.2026  9:34:30,48] Neustart in 30s... 
[15.05.2026  9:35:00,15] --- Start #32 --- 
[15.05.2026  9:35:00,51] Beendet (exit=1, #32) 
[15.05.2026  9:35:00,51] Neustart in 30s... 
[15.05.2026  9:35:30,22] --- Start #33 --- 
[15.05.2026  9:35:30,66] Beendet (exit=1, #33) 
[15.05.2026  9:35:30,67] Neustart in 30s... 
[15.05.2026  9:36:00,21] --- Start #34 --- 
[15.05.2026  9:36:00,56] Beendet (exit=1, #34) 
[15.05.2026  9:36:00,56] Neustart in 30s... 
[15.05.2026  9:36:30,16] --- Start #35 --- 
[15.05.2026  9:36:30,75] Beendet (exit=1, #35) 
[15.05.2026  9:36:30,75] Neustart in 30s... 
[15.05.2026  9:37:00,59] --- Start #36 --- 
[15.05.2026  9:37:18,13] Beendet (exit=1, #36) 
[15.05.2026  9:37:18,61] Neustart in 30s... 
[15.05.2026  9:37:49,26] --- Start #37 --- 
[15.05.2026  9:37:51,22] Beendet (exit=1, #37) 
[15.05.2026  9:37:51,23] Neustart in 30s... 
[15.05.2026  9:38:21,54] --- Start #38 --- 
[15.05.2026  9:38:25,77] Beendet (exit=1, #38) 
[15.05.2026  9:38:25,89] Neustart in 30s... 
[15.05.2026  9:38:56,25] --- Start #39 --- 
[15.05.2026  9:38:57,51] Beendet (exit=1, #39) 
[15.05.2026  9:38:57,52] Neustart in 30s... 
[15.05.2026  9:39:27,84] --- Start #40 --- 
[15.05.2026  9:39:30,08] Beendet (exit=1, #40) 
[15.05.2026  9:39:30,09] Neustart in 30s... 
[15.05.2026  9:40:00,24] --- Start #41 --- 
[15.05.2026  9:40:00,67] Beendet (exit=1, #41) 
[15.05.2026  9:40:00,67] Neustart in 30s... 
[15.05.2026  9:40:30,52] --- Start #42 --- 
[15.05.2026  9:40:37,57] Beendet (exit=1, #42) 
[15.05.2026  9:40:38,34] Neustart in 30s... 
[15.05.2026  9:41:08,31] --- Start #43 --- 
[15.05.2026  9:41:11,13] Beendet (exit=1, #43) 
[15.05.2026  9:41:11,14] Neustart in 30s... 
[15.05.2026  9:41:41,35] --- Start #44 --- 
[15.05.2026  9:41:42,63] Beendet (exit=1, #44) 
[15.05.2026  9:41:42,63] Neustart in 30s... 
[15.05.2026  9:42:12,42] --- Start #45 --- 
[15.05.2026  9:42:14,19] Beendet (exit=1, #45) 
[15.05.2026  9:42:14,27] Neustart in 30s... 
[15.05.2026  9:42:44,21] --- Start #46 --- 
[15.05.2026  9:42:44,77] Beendet (exit=1, #46) 
[15.05.2026  9:42:44,78] Neustart in 30s... 
[15.05.2026  9:43:14,19] --- Start #47 --- 
[15.05.2026  9:43:15,98] Beendet (exit=1, #47) 
[15.05.2026  9:43:15,98] Neustart in 30s... 
[15.05.2026  9:43:46,21] --- Start #48 --- 
[15.05.2026  9:43:47,98] Beendet (exit=1, #48) 
[15.05.2026  9:43:47,98] Neustart in 30s... 
[15.05.2026  9:44:18,38] --- Start #49 --- 
[15.05.2026  9:44:20,82] Beendet (exit=1, #49) 
[15.05.2026  9:44:20,85] Neustart in 30s... 
[15.05.2026  9:44:52,50] --- Start #50 --- 
[15.05.2026  9:44:55,15] Beendet (exit=1, #50) 
[15.05.2026  9:44:55,16] Max Restarts - Pause 10 Min 
[15.05.2026  9:54:55,18] Neustart in 30s... 
[15.05.2026  9:55:25,24] --- Start #1 --- 
[15.05.2026  9:55:25,83] Beendet (exit=1, #1) 
[15.05.2026  9:55:25,83] Neustart in 30s... 
[15.05.2026  9:55:56,18] --- Start #2 --- 
[15.05.2026  9:55:57,03] Beendet (exit=1, #2) 
[15.05.2026  9:55:57,03] Neustart in 30s... 
[15.05.2026  9:56:27,18] --- Start #3 --- 
[15.05.2026  9:56:27,67] Beendet (exit=1, #3) 
[15.05.2026  9:56:27,67] Neustart in 30s... 
[15.05.2026  9:56:57,24] --- Start #4 --- 
[15.05.2026  9:56:58,42] Beendet (exit=1, #4) 
[15.05.2026  9:56:58,42] Neustart in 30s... 
[15.05.2026  9:57:28,19] --- Start #5 --- 
[15.05.2026  9:57:28,79] Beendet (exit=1, #5) 
[15.05.2026  9:57:28,79] Neustart in 30s... 
[15.05.2026  9:57:58,31] --- Start #6 --- 
[15.05.2026  9:57:59,00] Beendet (exit=1, #6) 
[15.05.2026  9:57:59,01] Neustart in 30s... 
[15.05.2026  9:58:29,21] --- Start #7 --- 
[15.05.2026  9:58:29,80] Beendet (exit=1, #7) 
[15.05.2026  9:58:29,81] Neustart in 30s... 
[15.05.2026  9:58:59,23] --- Start #8 --- 
[15.05.2026  9:58:59,68] Beendet (exit=1, #8) 
[15.05.2026  9:58:59,69] Neustart in 30s... 
[15.05.2026  9:59:29,18] --- Start #9 --- 
[15.05.2026  9:59:30,19] Beendet (exit=1, #9) 
[15.05.2026  9:59:30,19] Neustart in 30s... 
[15.05.2026 10:00:00,23] --- Start #10 --- 
[15.05.2026 10:00:00,59] Beendet (exit=1, #10) 
[15.05.2026 10:00:00,60] Neustart in 30s... 
[15.05.2026 10:00:30,26] --- Start #11 --- 
[15.05.2026 10:00:30,62] Beendet (exit=1, #11) 
[15.05.2026 10:00:30,62] Neustart in 30s... 
[15.05.2026 10:01:00,23] --- Start #12 --- 
[15.05.2026 10:01:00,79] Beendet (exit=1, #12) 
[15.05.2026 10:01:00,80] Neustart in 30s... 
[15.05.2026 10:01:30,23] --- Start #13 --- 
[15.05.2026 10:01:30,83] Beendet (exit=1, #13) 
[15.05.2026 10:01:30,83] Neustart in 30s... 
[15.05.2026 10:02:00,22] --- Start #14 --- 
[15.05.2026 10:02:00,98] Beendet (exit=1, #14) 
[15.05.2026 10:02:00,99] Neustart in 30s... 
[15.05.2026 10:02:31,45] --- Start #15 --- 
[15.05.2026 10:02:34,34] Beendet (exit=1, #15) 
[15.05.2026 10:02:34,36] Neustart in 30s... 
[15.05.2026 10:03:05,22] --- Start #16 --- 
[15.05.2026 10:03:05,91] Beendet (exit=1, #16) 
[15.05.2026 10:03:05,92] Neustart in 30s... 
[15.05.2026 10:03:35,23] --- Start #17 --- 
[15.05.2026 10:03:35,77] Beendet (exit=1, #17) 
[15.05.2026 10:03:35,78] Neustart in 30s... 
[15.05.2026 10:04:05,62] --- Start #18 --- 
[15.05.2026 10:04:10,26] Beendet (exit=1, #18) 
[15.05.2026 10:04:10,31] Neustart in 30s... 
[15.05.2026 10:04:40,32] --- Start #19 --- 
[15.05.2026 10:04:40,70] Beendet (exit=1, #19) 
[15.05.2026 10:04:40,71] Neustart in 30s... 
[15.05.2026 10:05:10,16] --- Start #20 --- 
[15.05.2026 10:05:10,74] Beendet (exit=1, #20) 
[15.05.2026 10:05:10,81] Neustart in 30s... 
[15.05.2026 10:05:40,18] --- Start #21 --- 
[15.05.2026 10:05:40,74] Beendet (exit=1, #21) 
[15.05.2026 10:05:40,75] Neustart in 30s... 
[15.05.2026 10:06:10,43] --- Start #22 --- 
[15.05.2026 10:06:11,08] Beendet (exit=1, #22) 
[15.05.2026 10:06:11,08] Neustart in 30s... 
[15.05.2026 10:06:41,16] --- Start #23 --- 
[15.05.2026 10:06:41,71] Beendet (exit=1, #23) 
[15.05.2026 10:06:41,72] Neustart in 30s... 
[15.05.2026 10:07:11,28] --- Start #24 --- 
[15.05.2026 10:07:12,06] Beendet (exit=1, #24) 
[15.05.2026 10:07:12,07] Neustart in 30s... 
[15.05.2026 10:07:42,26] --- Start #25 --- 
[15.05.2026 10:07:42,82] Beendet (exit=1, #25) 
[15.05.2026 10:07:42,83] Neustart in 30s... 
[15.05.2026 10:08:12,21] --- Start #26 --- 
[15.05.2026 10:08:12,66] Beendet (exit=1, #26) 
[15.05.2026 10:08:12,67] Neustart in 30s... 
[15.05.2026 10:08:42,17] --- Start #27 --- 
[15.05.2026 10:08:42,54] Beendet (exit=1, #27) 
[15.05.2026 10:08:42,54] Neustart in 30s... 
[15.05.2026 10:09:12,24] --- Start #28 --- 
[15.05.2026 10:09:12,66] Beendet (exit=1, #28) 
[15.05.2026 10:09:12,66] Neustart in 30s... 
[15.05.2026 10:09:42,20] --- Start #29 --- 
[15.05.2026 10:09:42,73] Beendet (exit=1, #29) 
[15.05.2026 10:09:42,73] Neustart in 30s... 
[15.05.2026 10:10:12,21] --- Start #30 --- 
[15.05.2026 10:10:12,55] Beendet (exit=1, #30) 
[15.05.2026 10:10:12,55] Neustart in 30s... 
[15.05.2026 10:10:42,15] --- Start #31 --- 
[15.05.2026 10:10:42,90] Beendet (exit=1, #31) 
[15.05.2026 10:10:42,90] Neustart in 30s... 
[15.05.2026 10:11:12,18] --- Start #32 --- 
[15.05.2026 10:11:12,54] Beendet (exit=1, #32) 
[15.05.2026 10:11:12,54] Neustart in 30s... 
[15.05.2026 10:11:42,23] --- Start #33 --- 
[15.05.2026 10:11:42,60] Beendet (exit=1, #33) 
[15.05.2026 10:11:42,61] Neustart in 30s... 
[15.05.2026 10:12:12,21] --- Start #34 --- 
[15.05.2026 10:12:12,58] Beendet (exit=1, #34) 
[15.05.2026 10:12:12,58] Neustart in 30s... 
[15.05.2026 10:12:42,18] --- Start #35 --- 
[15.05.2026 10:12:42,60] Beendet (exit=1, #35) 
[15.05.2026 10:12:42,61] Neustart in 30s... 
[15.05.2026 10:13:12,15] --- Start #36 --- 
[15.05.2026 10:13:12,70] Beendet (exit=1, #36) 
[15.05.2026 10:13:12,70] Neustart in 30s... 
[15.05.2026 10:13:42,43] --- Start #37 --- 
[15.05.2026 10:13:43,79] Beendet (exit=1, #37) 
[15.05.2026 10:13:43,82] Neustart in 30s... 
[15.05.2026 10:14:13,16] --- Start #38 --- 
[15.05.2026 10:14:15,15] Beendet (exit=1, #38) 
[15.05.2026 10:14:15,15] Neustart in 30s... 
[15.05.2026 10:14:45,41] --- Start #39 --- 
[15.05.2026 10:14:45,99] Beendet (exit=1, #39) 
[15.05.2026 10:14:45,99] Neustart in 30s... 
[15.05.2026 10:15:17,25] --- Start #40 --- 
[15.05.2026 10:15:19,41] Beendet (exit=1, #40) 
[15.05.2026 10:15:19,56] Neustart in 30s... 
[15.05.2026 10:15:53,51] --- Start #41 --- 
[15.05.2026 10:16:05,93] Beendet (exit=1, #41) 
[15.05.2026 10:16:05,98] Neustart in 30s... 
[15.05.2026 10:16:36,31] --- Start #42 --- 
[15.05.2026 10:16:37,01] Beendet (exit=1, #42) 
[15.05.2026 10:16:37,01] Neustart in 30s... 
[15.05.2026 10:17:08,24] --- Start #43 --- 
[15.05.2026 10:17:08,91] Beendet (exit=1, #43) 
[15.05.2026 10:17:08,91] Neustart in 30s... 
[15.05.2026 10:17:39,21] --- Start #44 --- 
[15.05.2026 10:17:39,82] Beendet (exit=1, #44) 
[15.05.2026 10:17:39,82] Neustart in 30s... 
[15.05.2026 10:18:09,23] --- Start #45 --- 
[15.05.2026 10:18:09,90] Beendet (exit=1, #45) 
[15.05.2026 10:18:09,91] Neustart in 30s... 
[15.05.2026 10:18:40,19] --- Start #46 --- 
[15.05.2026 10:18:40,79] Beendet (exit=1, #46) 
[15.05.2026 10:18:40,80] Neustart in 30s... 
[15.05.2026 10:19:10,20] --- Start #47 --- 
[15.05.2026 10:19:10,78] Beendet (exit=1, #47) 
[15.05.2026 10:19:10,79] Neustart in 30s... 
[15.05.2026 10:19:40,18] --- Start #48 --- 
[15.05.2026 10:19:40,64] Beendet (exit=1, #48) 
[15.05.2026 10:19:40,65] Neustart in 30s... 
[15.05.2026 10:20:10,32] --- Start #49 --- 
[15.05.2026 10:20:11,32] Beendet (exit=1, #49) 
[15.05.2026 10:20:11,32] Neustart in 30s... 
[15.05.2026 10:20:41,44] --- Start #50 --- 
[15.05.2026 10:20:42,52] Beendet (exit=1, #50) 
[15.05.2026 10:20:42,53] Max Restarts - Pause 10 Min 
[15.05.2026 10:30:42,22] Neustart in 30s... 
[15.05.2026 10:31:12,14] --- Start #1 --- 
[15.05.2026 10:31:12,79] Beendet (exit=1, #1) 
[15.05.2026 10:31:12,80] Neustart in 30s... 
[15.05.2026 10:31:42,23] --- Start #2 --- 
[15.05.2026 10:31:42,90] Beendet (exit=1, #2) 
[15.05.2026 10:31:42,90] Neustart in 30s... 
[15.05.2026 10:32:12,22] --- Start #3 --- 
[15.05.2026 10:32:12,66] Beendet (exit=1, #3) 
[15.05.2026 10:32:12,67] Neustart in 30s... 
[15.05.2026 10:32:42,18] --- Start #4 --- 
[15.05.2026 10:32:42,79] Beendet (exit=1, #4) 
[15.05.2026 10:32:42,79] Neustart in 30s... 
[15.05.2026 10:33:12,22] --- Start #5 --- 
[15.05.2026 10:33:12,80] Beendet (exit=1, #5) 
[15.05.2026 10:33:12,80] Neustart in 30s... 
[15.05.2026 10:33:42,24] --- Start #6 --- 
[15.05.2026 10:33:42,56] Beendet (exit=1, #6) 
[15.05.2026 10:33:42,56] Neustart in 30s... 
[15.05.2026 10:34:12,23] --- Start #7 --- 
[15.05.2026 10:34:12,64] Beendet (exit=1, #7) 
[15.05.2026 10:34:12,64] Neustart in 30s... 
[15.05.2026 10:34:42,23] --- Start #8 --- 
[15.05.2026 10:34:42,73] Beendet (exit=1, #8) 
[15.05.2026 10:34:42,73] Neustart in 30s... 
[15.05.2026 10:35:12,22] --- Start #9 --- 
[15.05.2026 10:35:12,59] Beendet (exit=1, #9) 
[15.05.2026 10:35:12,59] Neustart in 30s... 
[15.05.2026 10:35:42,23] --- Start #10 --- 
[15.05.2026 10:35:43,56] Beendet (exit=1, #10) 
[15.05.2026 10:35:43,56] Neustart in 30s... 
[15.05.2026 10:36:13,15] --- Start #11 --- 
[15.05.2026 10:36:13,60] Beendet (exit=1, #11) 
[15.05.2026 10:36:13,60] Neustart in 30s... 
[15.05.2026 10:36:43,51] --- Start #12 --- 
[15.05.2026 10:36:44,07] Beendet (exit=1, #12) 
[15.05.2026 10:36:44,07] Neustart in 30s... 
[15.05.2026 10:37:14,23] --- Start #13 --- 
[15.05.2026 10:37:14,77] Beendet (exit=1, #13) 
[15.05.2026 10:37:14,77] Neustart in 30s... 
[15.05.2026 10:37:44,24] --- Start #14 --- 
[15.05.2026 10:37:44,56] Beendet (exit=1, #14) 
[15.05.2026 10:37:44,56] Neustart in 30s... 
[15.05.2026 10:38:14,13] --- Start #15 --- 
[15.05.2026 10:38:14,57] Beendet (exit=1, #15) 
[15.05.2026 10:38:14,58] Neustart in 30s... 
[15.05.2026 10:38:44,20] --- Start #16 --- 
[15.05.2026 10:38:44,82] Beendet (exit=1, #16) 
[15.05.2026 10:38:44,83] Neustart in 30s... 
[15.05.2026 10:39:14,21] --- Start #17 --- 
[15.05.2026 10:39:14,49] Beendet (exit=1, #17) 
[15.05.2026 10:39:14,50] Neustart in 30s... 
[15.05.2026 10:39:44,15] --- Start #18 --- 
[15.05.2026 10:39:44,71] Beendet (exit=1, #18) 
[15.05.2026 10:39:44,72] Neustart in 30s... 
[15.05.2026 10:40:14,15] --- Start #19 --- 
[15.05.2026 10:40:14,51] Beendet (exit=1, #19) 
[15.05.2026 10:40:14,52] Neustart in 30s... 
[15.05.2026 10:40:44,15] --- Start #20 --- 
[15.05.2026 10:40:44,58] Beendet (exit=1, #20) 
[15.05.2026 10:40:44,58] Neustart in 30s... 
[15.05.2026 10:41:14,14] --- Start #21 --- 
[15.05.2026 10:41:14,38] Beendet (exit=1, #21) 
[15.05.2026 10:41:14,38] Neustart in 30s... 
[15.05.2026 10:41:44,32] --- Start #22 --- 
[15.05.2026 10:41:44,81] Beendet (exit=1, #22) 
[15.05.2026 10:41:44,81] Neustart in 30s... 
[15.05.2026 10:42:14,13] --- Start #23 --- 
[15.05.2026 10:42:14,53] Beendet (exit=1, #23) 
[15.05.2026 10:42:14,54] Neustart in 30s... 
[15.05.2026 10:42:44,15] --- Start #24 --- 
[15.05.2026 10:42:44,62] Beendet (exit=1, #24) 
[15.05.2026 10:42:44,62] Neustart in 30s... 
[15.05.2026 10:43:14,23] --- Start #25 --- 
[15.05.2026 10:43:14,49] Beendet (exit=1, #25) 
[15.05.2026 10:43:14,50] Neustart in 30s... 
[15.05.2026 10:43:44,21] --- Start #26 --- 
[15.05.2026 10:43:44,69] Beendet (exit=1, #26) 
[15.05.2026 10:43:44,69] Neustart in 30s... 
[15.05.2026 10:44:14,15] --- Start #27 --- 
[15.05.2026 10:44:14,49] Beendet (exit=1, #27) 
[15.05.2026 10:44:14,49] Neustart in 30s... 
[15.05.2026 10:44:44,16] --- Start #28 --- 
[15.05.2026 10:44:44,73] Beendet (exit=1, #28) 
[15.05.2026 10:44:44,73] Neustart in 30s... 
[15.05.2026 10:45:14,14] --- Start #29 --- 
[15.05.2026 10:45:14,49] Beendet (exit=1, #29) 
[15.05.2026 10:45:14,49] Neustart in 30s... 
[15.05.2026 10:45:44,15] --- Start #30 --- 
[15.05.2026 10:45:44,46] Beendet (exit=1, #30) 
[15.05.2026 10:45:44,47] Neustart in 30s... 
[15.05.2026 10:46:14,21] --- Start #31 --- 
[15.05.2026 10:46:14,56] Beendet (exit=1, #31) 
[15.05.2026 10:46:14,57] Neustart in 30s... 
[15.05.2026 10:46:44,13] --- Start #32 --- 
[15.05.2026 10:46:44,47] Beendet (exit=1, #32) 
[15.05.2026 10:46:44,48] Neustart in 30s... 
[15.05.2026 10:47:14,15] --- Start #33 --- 
[15.05.2026 10:47:14,56] Beendet (exit=1, #33) 
[15.05.2026 10:47:14,56] Neustart in 30s... 
[15.05.2026 10:47:44,22] --- Start #34 --- 
[15.05.2026 10:47:44,58] Beendet (exit=1, #34) 
[15.05.2026 10:47:44,58] Neustart in 30s... 
[15.05.2026 10:48:14,16] --- Start #35 --- 
[15.05.2026 10:48:14,48] Beendet (exit=1, #35) 
[15.05.2026 10:48:14,49] Neustart in 30s... 
[15.05.2026 10:48:44,17] --- Start #36 --- 
[15.05.2026 10:48:44,53] Beendet (exit=1, #36) 
[15.05.2026 10:48:44,53] Neustart in 30s... 
[15.05.2026 10:49:14,19] --- Start #37 --- 
[15.05.2026 10:49:14,46] Beendet (exit=1, #37) 
[15.05.2026 10:49:14,47] Neustart in 30s... 
[15.05.2026 10:49:44,20] --- Start #38 --- 
[15.05.2026 10:49:44,49] Beendet (exit=1, #38) 
[15.05.2026 10:49:44,49] Neustart in 30s... 
[15.05.2026 10:50:14,19] --- Start #39 --- 
[15.05.2026 10:50:14,51] Beendet (exit=1, #39) 
[15.05.2026 10:50:14,51] Neustart in 30s... 
[15.05.2026 10:50:44,16] --- Start #40 --- 
[15.05.2026 10:50:44,66] Beendet (exit=1, #40) 
[15.05.2026 10:50:44,66] Neustart in 30s... 
[15.05.2026 10:51:14,19] --- Start #41 --- 
[15.05.2026 10:51:14,72] Beendet (exit=1, #41) 
[15.05.2026 10:51:14,73] Neustart in 30s... 
[15.05.2026 10:51:44,16] --- Start #42 --- 
[15.05.2026 10:51:44,57] Beendet (exit=1, #42) 
[15.05.2026 10:51:44,58] Neustart in 30s... 
[15.05.2026 10:52:14,18] --- Start #43 --- 
[15.05.2026 10:52:14,48] Beendet (exit=1, #43) 
[15.05.2026 10:52:14,49] Neustart in 30s... 
[15.05.2026 10:52:44,23] --- Start #44 --- 
[15.05.2026 10:52:44,57] Beendet (exit=1, #44) 
[15.05.2026 10:52:44,58] Neustart in 30s... 
[15.05.2026 10:53:14,22] --- Start #45 --- 
[15.05.2026 10:53:14,50] Beendet (exit=1, #45) 
[15.05.2026 10:53:14,50] Neustart in 30s... 
[15.05.2026 10:53:44,18] --- Start #46 --- 
[15.05.2026 10:53:44,84] Beendet (exit=1, #46) 
[15.05.2026 10:53:44,85] Neustart in 30s... 
[15.05.2026 10:54:14,13] --- Start #47 --- 
[15.05.2026 10:54:14,50] Beendet (exit=1, #47) 
[15.05.2026 10:54:14,50] Neustart in 30s... 
[15.05.2026 10:54:44,13] --- Start #48 --- 
[15.05.2026 10:54:44,52] Beendet (exit=1, #48) 
[15.05.2026 10:54:44,52] Neustart in 30s... 
[15.05.2026 10:55:14,17] --- Start #49 --- 
[15.05.2026 10:55:14,53] Beendet (exit=1, #49) 
[15.05.2026 10:55:14,53] Neustart in 30s... 
[15.05.2026 10:55:44,17] --- Start #50 --- 
[15.05.2026 10:55:44,52] Beendet (exit=1, #50) 
[15.05.2026 10:55:44,52] Max Restarts - Pause 10 Min 
[15.05.2026 11:05:44,19] Neustart in 30s... 
[15.05.2026 11:06:14,17] --- Start #1 --- 
[15.05.2026 11:06:14,50] Beendet (exit=1, #1) 
[15.05.2026 11:06:14,51] Neustart in 30s... 
[15.05.2026 11:06:44,16] --- Start #2 --- 
[15.05.2026 11:06:44,46] Beendet (exit=1, #2) 
[15.05.2026 11:06:44,46] Neustart in 30s... 
[15.05.2026 11:07:14,16] --- Start #3 --- 
[15.05.2026 11:07:14,86] Beendet (exit=1, #3) 
[15.05.2026 11:07:14,87] Neustart in 30s... 
[15.05.2026 11:07:44,17] --- Start #4 --- 
[15.05.2026 11:07:44,48] Beendet (exit=1, #4) 
[15.05.2026 11:07:44,48] Neustart in 30s... 
[15.05.2026 11:08:14,14] --- Start #5 --- 
[15.05.2026 11:08:14,43] Beendet (exit=1, #5) 
[15.05.2026 11:08:14,43] Neustart in 30s... 
[15.05.2026 11:08:44,18] --- Start #6 --- 
[15.05.2026 11:08:44,48] Beendet (exit=1, #6) 
[15.05.2026 11:08:44,48] Neustart in 30s... 
[15.05.2026 11:09:14,16] --- Start #7 --- 
[15.05.2026 11:09:14,50] Beendet (exit=1, #7) 
[15.05.2026 11:09:14,51] Neustart in 30s... 
[15.05.2026 11:09:44,14] --- Start #8 --- 
[15.05.2026 11:09:44,37] Beendet (exit=1, #8) 
[15.05.2026 11:09:44,38] Neustart in 30s... 
[15.05.2026 11:10:14,17] --- Start #9 --- 
[15.05.2026 11:10:14,52] Beendet (exit=1, #9) 
[15.05.2026 11:10:14,52] Neustart in 30s... 
[15.05.2026 11:10:44,15] --- Start #10 --- 
[15.05.2026 11:10:44,50] Beendet (exit=1, #10) 
[15.05.2026 11:10:44,51] Neustart in 30s... 
[15.05.2026 11:11:14,26] --- Start #11 --- 
[15.05.2026 11:11:14,72] Beendet (exit=1, #11) 
[15.05.2026 11:11:14,72] Neustart in 30s... 
[15.05.2026 11:11:45,22] --- Start #12 --- 
[15.05.2026 11:11:45,53] Beendet (exit=1, #12) 
[15.05.2026 11:11:45,54] Neustart in 30s... 
[15.05.2026 11:12:15,17] --- Start #13 --- 
[15.05.2026 11:12:15,64] Beendet (exit=1, #13) 
[15.05.2026 11:12:15,64] Neustart in 30s... 
[15.05.2026 11:12:45,19] --- Start #14 --- 
[15.05.2026 11:12:45,44] Beendet (exit=1, #14) 
[15.05.2026 11:12:45,44] Neustart in 30s... 
[15.05.2026 11:13:15,17] --- Start #15 --- 
[15.05.2026 11:13:15,51] Beendet (exit=1, #15) 
[15.05.2026 11:13:15,51] Neustart in 30s... 
[15.05.2026 11:13:45,20] --- Start #16 --- 
[15.05.2026 11:13:45,72] Beendet (exit=1, #16) 
[15.05.2026 11:13:45,72] Neustart in 30s... 
[15.05.2026 11:14:15,14] --- Start #17 --- 
[15.05.2026 11:14:15,46] Beendet (exit=1, #17) 
[15.05.2026 11:14:15,47] Neustart in 30s... 
[15.05.2026 11:14:45,19] --- Start #18 --- 
[15.05.2026 11:14:45,64] Beendet (exit=1, #18) 
[15.05.2026 11:14:45,64] Neustart in 30s... 
[15.05.2026 11:15:15,18] --- Start #19 --- 
[15.05.2026 11:15:15,58] Beendet (exit=1, #19) 
[15.05.2026 11:15:15,58] Neustart in 30s... 
[15.05.2026 11:15:45,16] --- Start #20 --- 
[15.05.2026 11:15:45,49] Beendet (exit=1, #20) 
[15.05.2026 11:15:45,50] Neustart in 30s... 
[15.05.2026 11:16:15,17] --- Start #21 --- 
[15.05.2026 11:16:15,45] Beendet (exit=1, #21) 
[15.05.2026 11:16:15,45] Neustart in 30s... 
[15.05.2026 11:16:46,05] --- Start #22 --- 
[15.05.2026 11:16:48,54] Beendet (exit=-1073741205, #22) 
[15.05.2026 11:16:48,57] Neustart in 30s... 
[15.05.2026 11:16:48,80] --- Start #23 --- 
[15.05.2026 11:26:13,76] ===== DAUERLAUF gestartet ===== 
[15.05.2026 11:26:13,76] --- Start #1 --- 
[21.05.2026 11:51:10,19] ===== DAUERLAUF gestartet ===== 
[21.05.2026 11:51:10,19] --- Start #1 --- 
[28.05.2026 13:34:42,73] ===== DAUERLAUF gestartet ===== 
[28.05.2026 13:34:43,13] --- Start #1 --- 
[29.05.2026  8:18:48,37] Beendet (exit=3, #1) 
[29.05.2026  8:18:48,37] Neustart in 30s... 
[29.05.2026  8:19:18,20] --- Start #2 --- 
[29.05.2026  9:28:48,63] Beendet (exit=3, #2) 
[29.05.2026  9:28:48,64] Neustart in 30s... 
[29.05.2026  9:29:18,13] --- Start #3 --- 
[29.05.2026  9:46:37,15] Beendet (exit=3, #3) 
[29.05.2026  9:46:37,16] Neustart in 30s... 
[29.05.2026  9:47:07,20] --- Start #4 --- 
[29.05.2026 12:10:42,64] Beendet (exit=1073807364, #4) 
[29.05.2026 12:10:42,66] Neustart in 30s... 
[29.05.2026 12:10:42,75] --- Start #5 --- 
[31.05.2026 18:24:14,58] ===== DAUERLAUF gestartet ===== 
[31.05.2026 18:24:14,59] --- Start #1 --- 
[31.05.2026 21:54:09,99] Beendet (exit=3, #1) 
[31.05.2026 21:54:09,99] Neustart in 30s... 
[31.05.2026 21:54:40,21] --- Start #2 --- 
[01.06.2026  9:47:16,89] Beendet (exit=3, #2) 
[01.06.2026  9:47:16,89] Neustart in 30s... 
[01.06.2026  9:47:46,15] --- Start #3 --- 
[02.06.2026  9:33:29,59] Beendet (exit=3, #3) 
[02.06.2026  9:33:29,59] Neustart in 30s... 
[02.06.2026  9:33:59,14] --- Start #4 --- 
[03.06.2026  9:58:30,97] Beendet (exit=3, #4) 
[03.06.2026  9:58:30,97] Neustart in 30s... 
[03.06.2026  9:59:01,18] --- Start #5 --- 
